,Timestamp,Server,Rack id,Enclosure,Slot,Action,Unique enclosure,slot bin hor,slot bin ver
0,2021-05-04T17:03:13,4,2,1,2,cycle,1,2,1
1,2021-05-04T17:03:14,4,2,1,3,cycle,1,3,1
2,2021-05-04T18:03:13,17,6,1,59,cycle,3,3,5
3,2021-05-04T23:03:12,15,5,1,33,cycle,5,5,3
4,2021-05-05T03:03:13,12,4,1,79,cycle,5,9,6
5,2021-05-05T07:03:13,18,6,2,24,cycle,6,10,2
6,2021-05-05T07:03:13,21,7,2,43,cycle,6,1,4
7,2021-05-05T18:03:12,5,2,2,52,cycle,4,10,4
8,2021-05-05T18:03:12,40,14,2,3,cycle,2,3,1
9,2021-05-05T18:03:13,32,11,2,77,cycle,4,7,6
10,2021-05-05T18:03:15,10,4,2,72,cycle,2,2,6
11,2021-05-05T21:03:12,28,10,2,63,cycle,2,7,5
12,2021-05-05T23:03:13,16,6,1,24,cycle,1,10,2
13,2021-05-06T01:01:06,32,11,2,77,replacement,4,7,6
14,2021-05-06T02:03:13,12,4,1,36,cycle,5,8,3
15,2021-05-06T03:03:13,42,14,2,10,cycle,6,10,1
16,2021-05-06T03:03:13,40,14,2,32,cycle,2,4,3
17,2021-05-06T04:03:12,5,2,2,4,cycle,4,4,1
18,2021-05-06T04:03:13,32,11,1,78,cycle,3,8,6
19,2021-05-06T06:03:13,44,15,2,20,cycle,4,6,2
20,2021-05-06T08:03:13,2,1,2,29,cycle,4,1,3
21,2021-05-06T10:03:12,9,3,1,25,cycle,5,11,2
22,2021-05-06T11:03:12,1,1,1,46,cycle,1,4,4
23,2021-05-06T11:03:13,32,11,1,46,cycle,3,4,4
24,2021-05-06T12:03:12,43,15,2,66,cycle,2,10,5
25,2021-05-06T12:03:13,39,13,1,43,cycle,5,1,4
26,2021-05-06T12:03:13,33,11,2,11,cycle,6,11,1
27,2021-05-06T13:01:07,24,8,1,22,replacement,5,8,2
28,2021-05-06T13:03:14,7,3,1,61,cycle,1,5,5
29,2021-05-06T14:03:13,2,1,2,39,cycle,4,11,3
30,2021-05-06T14:03:13,23,8,1,44,cycle,3,2,4
31,2021-05-06T15:03:12,43,15,1,76,cycle,1,6,6
32,2021-05-06T15:03:13,25,9,1,6,cycle,1,6,1
33,2021-05-06T15:03:13,18,6,2,16,cycle,6,2,2
34,2021-05-07T18:03:14,5,2,2,34,cycle,4,6,3
35,2021-05-10T13:03:12,44,15,2,46,cycle,4,4,4
36,2021-05-10T13:03:13,14,5,1,64,cycle,3,8,5
37,2021-05-10T14:01:06,11,4,2,62,replacement,4,6,5
38,2021-05-10T16:03:13,35,12,2,35,cycle,4,7,3
39,2021-05-10T18:01:06,10,4,2,72,replacement,2,2,6
40,2021-05-10T18:03:13,26,9,1,32,cycle,3,4,3
41,2021-05-10T20:03:13,20,7,2,75,cycle,4,5,6
42,2021-05-10T20:03:14,35,12,2,7,cycle,4,7,1
43,2021-05-10T21:03:12,26,9,2,49,cycle,4,7,4
44,2021-05-10T23:03:13,17,6,2,60,cycle,4,4,5
45,2021-05-11T03:03:13,43,15,1,71,cycle,1,1,6
46,2021-05-11T07:03:12,1,1,2,64,cycle,2,8,5
47,2021-05-11T07:03:13,37,13,2,49,cycle,2,7,4
48,2021-05-11T11:03:14,23,8,1,37,cycle,3,9,3
49,2021-05-11T11:03:14,29,10,1,22,cycle,3,8,2
50,2021-05-11T19:03:14,31,11,1,61,cycle,1,5,5
51,2021-05-11T22:03:13,28,10,2,45,cycle,2,3,4
52,2021-05-12T02:03:12,15,5,2,46,cycle,6,4,4
53,2021-05-12T02:03:13,14,5,1,80,cycle,3,10,6
54,2021-05-12T03:01:06,35,12,2,35,replacement,4,7,3
55,2021-05-12T04:03:13,30,10,2,72,cycle,6,2,6
56,2021-05-12T07:03:13,45,15,2,82,cycle,6,12,6
57,2021-05-12T16:03:13,42,14,2,1,cycle,6,1,1
58,2021-05-12T19:01:06,33,11,2,82,replacement,6,12,6
59,2021-05-13T14:03:12,4,2,1,7,cycle,1,7,1
60,2021-05-13T22:01:06,9,3,2,44,replacement,6,2,4
61,2021-05-19T11:03:12,2,1,1,73,cycle,3,3,6
62,2021-05-19T12:03:14,17,6,1,10,cycle,3,10,1
63,2021-05-19T13:03:13,39,13,1,68,cycle,5,12,5
64,2021-05-23T01:03:13,18,6,1,20,cycle,5,6,2
65,2021-05-25T17:03:12,3,1,2,10,cycle,6,10,1
66,2021-05-26T13:01:06,35,12,2,34,replacement,4,6,3
67,2021-05-26T15:03:12,22,8,1,65,cycle,1,9,5
68,2021-05-26T15:03:13,3,1,2,29,cycle,6,1,3
69,2021-05-26T16:03:12,7,3,2,75,cycle,2,5,6
70,2021-05-27T07:03:13,10,4,1,66,cycle,1,10,5
71,2021-05-27T08:01:07,45,15,2,82,replacement,6,12,6
72,2021-05-27T13:03:12,46,16,2,35,cycle,2,7,3
73,2021-05-28T15:03:13,27,9,2,26,cycle,6,12,2
74,2021-05-28T22:03:12,32,11,2,81,cycle,4,11,6
75,2021-05-29T04:01:06,5,2,2,4,replacement,4,4,1
76,2021-05-29T04:03:12,26,9,1,20,cycle,3,6,2
77,2021-05-29T09:03:12,39,13,2,5,cycle,6,5,1
78,2021-05-29T10:03:12,39,13,2,77,cycle,6,7,6
79,2021-05-29T13:03:12,3,1,1,3,cycle,5,3,1
80,2021-05-29T14:03:13,27,9,1,66,cycle,5,10,5
81,2021-05-29T15:03:12,46,16,2,51,cycle,2,9,4
82,2021-05-29T15:03:12,27,9,2,75,cycle,6,5,6
83,2021-05-29T19:03:13,29,10,2,3,cycle,4,3,1
84,2021-05-29T20:03:12,28,10,2,74,cycle,2,4,6
85,2021-05-30T17:03:13,37,13,1,2,cycle,1,2,1
86,2021-05-31T12:01:07,37,13,1,2,replacement,1,2,1
87,2021-05-31T16:03:13,10,4,1,34,cycle,1,6,3
88,2021-05-31T21:03:12,12,4,2,31,cycle,6,3,3
89,2021-06-01T23:01:08,40,14,2,1,replacement,2,1,1
90,2021-06-02T13:03:12,17,6,2,58,cycle,4,2,5
91,2021-06-02T14:03:13,5,2,1,25,cycle,3,11,2
92,2021-06-02T15:01:06,39,13,2,77,replacement,6,7,6
93,2021-06-11T18:03:14,48,16,2,50,cycle,6,8,4
94,2021-06-11T22:01:07,48,16,2,50,replacement,6,8,4
95,2021-06-14T18:03:13,18,6,2,74,cycle,6,4,6
96,2021-06-14T19:03:13,41,14,2,39,cycle,4,11,3
97,2021-06-14T20:03:13,23,8,1,61,cycle,3,5,5
98,2021-06-14T22:03:13,10,4,2,10,cycle,2,10,1
99,2021-06-14T23:03:13,9,3,1,74,cycle,5,4,6
100,2021-06-16T19:03:14,32,11,1,18,cycle,3,4,2
101,2021-06-16T21:03:13,16,6,1,16,cycle,1,2,2
102,2021-06-16T22:03:13,3,1,2,11,cycle,6,11,1
103,2021-06-16T23:03:13,29,10,1,7,cycle,3,7,1
104,2021-06-17T20:03:14,28,10,1,19,cycle,1,5,2
105,2021-06-18T18:03:13,10,4,1,2,cycle,1,2,1
106,2021-06-22T15:03:13,10,4,2,75,cycle,2,5,6
107,2021-06-24T04:03:13,1,1,1,80,cycle,1,10,6
108,2021-06-24T05:03:13,14,5,1,17,cycle,3,3,2
109,2021-06-24T06:03:13,41,14,2,6,cycle,4,6,1
110,2021-06-24T07:03:12,31,11,2,30,cycle,2,2,3
111,2021-06-24T08:01:06,28,10,2,74,replacement,2,4,6
112,2021-06-25T07:03:12,29,10,2,10,cycle,4,10,1
113,2021-06-25T15:03:14,42,14,1,53,cycle,5,11,4
114,2021-06-25T15:03:15,37,13,2,74,cycle,2,4,6
115,2021-06-26T07:03:14,44,15,1,39,cycle,3,11,3
116,2021-06-26T08:01:07,37,13,1,29,replacement,1,1,3
117,2021-06-28T14:01:07,3,1,2,10,replacement,6,10,1
118,2021-06-30T15:03:13,14,5,2,33,cycle,4,5,3
119,2021-06-30T16:03:13,37,13,2,10,cycle,2,10,1
120,2021-06-30T16:03:13,43,15,2,61,cycle,2,5,5
121,2021-06-30T16:03:13,28,10,2,81,cycle,2,11,6
122,2021-06-30T17:03:12,11,4,1,9,cycle,3,9,1
123,2021-06-30T17:03:13,46,16,1,44,cycle,1,2,4
124,2021-06-30T18:03:14,30,10,2,31,cycle,6,3,3
125,2021-07-01T05:03:12,33,11,1,71,cycle,5,1,6
126,2021-07-01T07:03:12,12,4,2,65,cycle,6,9,5
127,2021-07-01T07:03:13,13,5,1,30,cycle,1,2,3
128,2021-07-01T07:03:14,13,5,1,21,cycle,1,7,2
129,2021-07-01T09:03:14,41,14,1,57,cycle,3,1,5
130,2021-07-02T07:03:13,40,14,2,60,cycle,2,4,5
131,2021-07-02T07:03:13,3,1,2,81,cycle,6,11,6
132,2021-07-02T07:03:15,20,7,2,20,cycle,4,6,2
133,2021-07-03T07:03:14,27,9,2,35,cycle,6,7,3
134,2021-07-03T09:01:07,2,1,2,3,replacement,4,3,1
135,2021-07-05T07:03:12,41,14,2,60,cycle,4,4,5
136,2021-07-05T08:01:07,15,5,1,2,replacement,5,2,1
137,2021-07-06T08:03:14,3,1,2,29,cycle,6,1,3
138,2021-07-06T20:03:13,31,11,1,6,cycle,1,6,1
139,2021-07-07T01:03:13,13,5,1,10,cycle,1,10,1
140,2021-07-07T07:03:12,36,12,1,30,cycle,5,2,3
141,2021-07-07T08:03:13,40,14,2,76,cycle,2,6,6
142,2021-07-07T09:03:12,13,5,1,26,cycle,1,12,2
143,2021-07-07T10:01:06,1,1,2,15,replacement,2,1,2
144,2021-07-07T10:03:12,33,11,2,61,cycle,6,5,5
145,2021-07-07T11:03:12,32,11,2,6,cycle,4,6,1
146,2021-07-07T11:03:12,6,2,2,57,cycle,6,1,5
147,2021-07-07T12:01:06,40,14,2,76,replacement,2,6,6
148,2021-07-07T13:03:13,27,9,2,81,cycle,6,11,6
149,2021-07-08T07:03:13,5,2,1,72,cycle,3,2,6
150,2021-07-08T08:03:13,23,8,2,9,cycle,4,9,1
151,2021-07-08T08:03:14,9,3,1,17,cycle,5,3,2
152,2021-07-08T08:03:14,28,10,2,77,cycle,2,7,6
153,2021-07-08T19:01:09,38,13,2,45,replacement,4,3,4
154,2021-07-08T19:03:12,12,4,1,62,cycle,5,6,5
155,2021-07-08T19:03:12,6,2,2,50,cycle,6,8,4
156,2021-07-08T20:03:14,16,6,1,68,cycle,1,12,5
157,2021-07-09T04:03:13,29,10,2,9,cycle,4,9,1
158,2021-07-09T05:03:13,12,4,2,75,cycle,6,5,6
159,2021-07-09T05:03:13,5,2,2,6,cycle,4,6,1
160,2021-07-09T07:03:12,16,6,1,60,cycle,1,4,5
161,2021-07-11T07:03:13,1,1,2,61,cycle,2,5,5
162,2021-07-14T14:03:13,39,13,2,12,cycle,6,12,1
163,2021-07-15T07:03:13,37,13,2,4,cycle,2,4,1
164,2021-07-16T08:01:08,3,1,2,29,replacement,6,1,3
165,2021-07-22T07:03:13,48,16,2,74,cycle,6,4,6
166,2021-07-22T14:01:07,4,2,1,54,replacement,1,12,4
167,2021-07-25T07:03:13,9,3,2,65,cycle,6,9,5
168,2021-07-25T09:01:08,13,5,2,54,replacement,2,12,4
169,2021-07-26T17:04:58,38,13,2,74,cycle,4,4,6
170,2021-07-26T22:03:13,5,2,1,12,cycle,3,12,1
171,2021-07-26T22:03:14,6,2,2,30,cycle,6,2,3
172,2021-07-26T23:03:14,9,3,2,17,cycle,6,3,2
173,2021-07-27T02:03:12,12,4,1,3,cycle,5,3,1
174,2021-07-27T02:03:13,7,3,2,77,cycle,2,7,6
175,2021-07-27T03:01:07,1,1,2,15,replacement,2,1,2
176,2021-07-27T03:03:13,12,4,1,72,cycle,5,2,6
177,2021-07-27T03:03:13,3,1,1,53,cycle,5,11,4
178,2021-07-27T03:03:14,6,2,2,29,cycle,6,1,3
179,2021-07-27T03:03:14,3,1,1,75,cycle,5,5,6
180,2021-07-27T04:03:12,10,4,1,25,cycle,1,11,2
184,2021-07-27T04:03:13,9,3,2,50,cycle,3,6,2
183,2021-07-27T04:03:13,12,4,2,21,cycle,2,3,4
182,2021-07-27T04:03:13,16,6,2,45,cycle,6,7,2
181,2021-07-27T04:03:13,2,1,1,20,cycle,6,8,4
185,2021-07-27T05:03:13,8,3,2,66,cycle,4,10,5
186,2021-07-27T06:03:13,7,3,2,1,cycle,2,1,1
187,2021-07-27T07:03:13,10,4,1,53,cycle,1,11,4
188,2021-07-27T12:01:07,38,13,2,74,replacement,4,4,6
189,2021-07-27T13:03:14,6,2,2,61,cycle,6,5,5
190,2021-07-27T13:03:14,34,12,2,18,cycle,2,4,2
191,2021-07-27T14:01:07,1,1,2,33,replacement,2,5,3
192,2021-07-27T19:07:04,13,5,1,25,cycle,1,11,2
193,2021-07-28T02:01:06,23,8,2,54,replacement,4,12,4
194,2021-07-28T02:03:12,47,16,2,4,cycle,4,4,1
195,2021-07-28T03:03:13,18,6,1,76,cycle,5,6,6
196,2021-07-28T08:03:27,40,14,2,29,cycle,2,1,3
197,2021-07-28T08:03:28,40,14,2,59,cycle,2,3,5
198,2021-07-28T09:03:35,5,2,2,74,cycle,4,4,6
199,2021-07-28T12:03:12,39,13,1,21,cycle,5,7,2
200,2021-07-28T13:03:15,33,11,2,43,cycle,6,1,4
201,2021-07-28T14:04:38,3,1,2,68,cycle,6,12,5
202,2021-07-28T16:03:14,35,12,2,2,cycle,4,2,1
203,2021-07-28T20:01:11,35,12,2,2,replacement,4,2,1
204,2021-07-28T21:03:17,29,10,1,7,cycle,3,7,1
205,2021-07-29T00:01:07,5,2,2,74,replacement,4,4,6
206,2021-07-29T00:03:25,1,1,2,32,cycle,2,4,3
207,2021-07-29T06:03:27,44,15,2,82,cycle,4,12,6
208,2021-07-29T08:03:13,29,10,1,33,cycle,3,5,3
209,2021-07-29T08:03:14,4,2,1,20,cycle,1,6,2
210,2021-07-29T10:03:13,37,13,1,46,cycle,1,4,4
211,2021-07-30T07:01:07,38,13,2,45,replacement,4,3,4
212,2021-07-30T15:03:12,10,4,1,40,cycle,1,12,3
213,2021-07-30T15:03:13,46,16,1,37,cycle,1,9,3
214,2021-07-30T17:01:07,28,10,2,10,replacement,2,10,1
215,2021-07-30T18:03:14,46,16,1,26,cycle,1,12,2
216,2021-07-30T19:03:12,39,13,2,19,cycle,6,5,2
217,2021-07-30T19:03:13,42,14,1,80,cycle,5,10,6
218,2021-07-30T19:03:14,44,15,1,72,cycle,3,2,6
219,2021-07-30T19:03:14,48,16,1,23,cycle,5,9,2
220,2021-07-30T20:03:13,39,13,1,10,cycle,5,10,1
221,2021-07-30T20:03:13,47,16,1,78,cycle,3,8,6
222,2021-07-30T20:03:13,40,14,1,45,cycle,1,3,4
225,2021-07-30T21:03:13,6,2,1,63,cycle,5,6,6
226,2021-07-30T21:03:13,47,16,1,38,cycle,3,1,1
223,2021-07-30T21:03:13,48,16,1,76,cycle,5,7,5
224,2021-07-30T21:03:13,41,14,1,1,cycle,3,10,3
227,2021-07-30T21:03:14,42,14,2,5,cycle,6,5,1
228,2021-07-30T21:03:14,40,14,2,1,cycle,2,1,1
229,2021-07-30T21:03:14,41,14,1,39,cycle,3,11,3
230,2021-07-30T21:03:14,48,16,2,31,cycle,6,3,3
231,2021-07-30T21:03:14,47,16,2,37,cycle,4,9,3
232,2021-07-30T22:03:13,37,13,1,75,cycle,1,5,6
233,2021-07-30T22:03:14,43,15,2,22,cycle,2,8,2
234,2021-07-30T23:03:13,48,16,2,62,cycle,6,6,5
235,2021-07-30T23:03:13,40,14,2,58,cycle,2,2,5
236,2021-07-31T03:03:12,37,13,2,72,cycle,2,2,6
238,2021-07-31T03:03:13,47,16,2,72,cycle,3,9,4
237,2021-07-31T03:03:13,41,14,1,51,cycle,4,2,6
239,2021-07-31T03:03:14,42,14,2,10,cycle,6,10,1
240,2021-07-31T03:03:14,45,15,2,68,cycle,6,12,5
241,2021-07-31T04:03:13,43,15,2,76,cycle,2,6,6
242,2021-07-31T04:03:13,46,16,2,10,cycle,2,10,1
243,2021-07-31T04:03:13,44,15,1,25,cycle,3,11,2
244,2021-07-31T04:03:14,39,13,1,51,cycle,5,9,4
245,2021-07-31T04:03:15,44,15,1,19,cycle,3,5,2
246,2021-07-31T04:03:16,44,15,1,62,cycle,3,6,5
249,2021-07-31T05:03:13,46,16,2,38,cycle,5,7,2
248,2021-07-31T05:03:13,48,16,2,59,cycle,6,3,5
247,2021-07-31T05:03:13,42,14,1,21,cycle,2,10,3
250,2021-07-31T05:03:14,41,14,1,16,cycle,3,2,2
251,2021-07-31T05:03:15,41,14,2,66,cycle,4,10,5
252,2021-07-31T05:03:15,41,14,2,80,cycle,4,10,6
253,2021-07-31T05:03:16,41,14,2,31,cycle,4,3,3
254,2021-07-31T06:03:13,43,15,2,51,cycle,2,9,4
255,2021-07-31T06:03:13,46,16,1,53,cycle,1,11,4
256,2021-07-31T06:03:13,47,16,2,1,cycle,4,1,1
257,2021-07-31T06:03:13,48,16,2,33,cycle,6,5,3
258,2021-07-31T06:03:13,39,13,1,22,cycle,5,8,2
259,2021-07-31T06:03:14,44,15,1,34,cycle,3,6,3
260,2021-07-31T06:03:15,46,16,1,19,cycle,1,5,2
261,2021-07-31T08:03:12,47,16,1,7,cycle,3,7,1
262,2021-07-31T08:03:13,42,14,2,17,cycle,6,3,2
263,2021-07-31T08:03:14,27,9,2,36,cycle,6,8,3
264,2021-07-31T08:03:15,42,14,2,61,cycle,6,5,5
265,2021-07-31T09:03:13,43,15,1,52,cycle,1,10,4
266,2021-07-31T09:03:13,44,15,2,49,cycle,4,7,4
267,2021-07-31T09:03:13,46,16,2,82,cycle,2,12,6
268,2021-07-31T09:03:13,43,15,2,18,cycle,2,4,2
269,2021-07-31T09:03:14,43,15,2,37,cycle,2,9,3
270,2021-07-31T10:03:13,44,15,2,71,cycle,4,1,6
271,2021-07-31T11:03:12,39,13,1,4,cycle,5,4,1
272,2021-07-31T11:03:13,48,16,1,77,cycle,5,7,6
273,2021-07-31T11:03:13,46,16,2,5,cycle,2,5,1
274,2021-07-31T11:03:13,40,14,1,76,cycle,1,6,6
275,2021-07-31T11:03:13,37,13,2,51,cycle,2,9,4
276,2021-07-31T11:03:13,45,15,1,19,cycle,5,5,2
277,2021-07-31T11:03:13,42,14,2,67,cycle,6,11,5
278,2021-07-31T11:03:13,41,14,1,61,cycle,3,5,5
279,2021-07-31T11:03:15,41,14,1,48,cycle,3,6,4
280,2021-07-31T12:01:06,39,13,1,10,replacement,5,10,1
281,2021-07-31T12:01:07,37,13,2,72,replacement,2,2,6
282,2021-07-31T12:03:12,45,15,2,1,cycle,6,1,1
283,2021-07-31T12:03:13,47,16,1,20,cycle,3,6,2
284,2021-07-31T12:03:13,43,15,2,24,cycle,2,10,2
285,2021-07-31T12:03:14,40,14,1,52,cycle,1,10,4
286,2021-07-31T12:03:14,43,15,2,39,cycle,2,11,3
290,2021-07-31T13:03:13,41,14,1,9,cycle,4,4,3
289,2021-07-31T13:03:13,7,3,2,18,cycle,4,5,2
291,2021-07-31T13:03:13,48,16,1,20,cycle,2,4,2
287,2021-07-31T13:03:13,44,15,2,32,cycle,3,9,1
288,2021-07-31T13:03:13,47,16,2,19,cycle,5,6,2
292,2021-07-31T13:03:15,48,16,2,15,cycle,6,1,2
293,2021-07-31T14:03:13,48,16,1,37,cycle,5,9,3
294,2021-07-31T14:03:13,37,13,2,11,cycle,2,11,1
295,2021-07-31T14:03:13,44,15,2,68,cycle,4,12,5
296,2021-07-31T14:03:14,43,15,1,7,cycle,1,7,1
297,2021-07-31T15:03:13,45,15,1,82,cycle,5,12,6
298,2021-07-31T15:03:13,41,14,2,74,cycle,4,4,6
299,2021-07-31T15:03:13,48,16,2,81,cycle,6,11,6
300,2021-07-31T16:03:13,14,5,1,47,cycle,3,5,4
301,2021-07-31T19:01:07,44,15,2,5,replacement,4,5,1
302,2021-07-31T19:03:13,48,16,1,79,cycle,5,9,6
303,2021-07-31T20:03:13,43,15,1,10,cycle,1,10,1
304,2021-07-31T20:03:13,37,13,1,25,cycle,1,11,2
305,2021-07-31T21:01:07,43,15,2,22,replacement,2,8,2
306,2021-07-31T21:03:13,48,16,2,40,cycle,6,12,3
307,2021-07-31T21:03:13,44,15,1,61,cycle,3,5,5
308,2021-07-31T21:03:13,41,14,2,9,cycle,4,9,1
309,2021-07-31T21:03:14,46,16,1,32,cycle,1,4,3
310,2021-07-31T21:03:14,37,13,1,37,cycle,1,9,3
311,2021-07-31T21:03:14,44,15,2,62,cycle,4,6,5
312,2021-07-31T21:03:15,46,16,2,53,cycle,2,11,4
313,2021-07-31T22:03:13,41,14,1,20,cycle,3,6,2
314,2021-07-31T22:03:16,48,16,1,17,cycle,5,3,2
315,2021-07-31T23:01:07,37,13,1,46,replacement,1,4,4
316,2021-07-31T23:03:14,45,15,1,10,cycle,5,10,1
317,2021-08-01T03:03:13,41,14,1,33,cycle,3,5,3
318,2021-08-01T03:03:13,46,16,2,40,cycle,2,12,3
319,2021-08-01T03:03:13,48,16,2,78,cycle,6,8,6
320,2021-08-01T03:03:14,23,8,1,12,cycle,3,12,1
321,2021-08-01T03:03:14,14,5,1,68,cycle,3,12,5
322,2021-08-01T04:03:13,43,15,1,58,cycle,1,2,5
323,2021-08-01T04:03:14,45,15,1,72,cycle,5,2,6
325,2021-08-01T05:03:13,40,14,2,64,cycle,4,9,2
324,2021-08-01T05:03:13,35,12,2,23,cycle,2,8,5
326,2021-08-01T05:03:15,44,15,1,11,cycle,3,11,1
327,2021-08-01T05:03:15,44,15,1,67,cycle,3,11,5
328,2021-08-01T05:03:16,44,15,2,22,cycle,4,8,2
329,2021-08-01T06:01:07,43,15,2,51,replacement,2,9,4
330,2021-08-01T06:03:13,37,13,1,77,cycle,1,7,6
331,2021-08-01T06:03:13,48,16,2,39,cycle,6,11,3
332,2021-08-01T06:03:13,45,15,1,66,cycle,5,10,5
333,2021-08-01T06:03:13,42,14,2,33,cycle,6,5,3
334,2021-08-01T06:03:13,39,13,2,82,cycle,6,12,6
336,2021-08-01T06:03:14,12,4,2,47,cycle,6,5,1
335,2021-08-01T06:03:14,12,4,2,5,cycle,6,5,4
337,2021-08-01T07:03:13,48,16,1,45,cycle,5,3,4
338,2021-08-01T11:03:14,42,14,2,66,cycle,6,10,5
339,2021-08-01T11:03:14,44,15,1,73,cycle,3,3,6
340,2021-08-01T11:03:15,44,15,2,57,cycle,4,1,5
341,2021-08-01T12:03:13,43,15,2,74,cycle,2,4,6
342,2021-08-01T12:03:13,44,15,2,25,cycle,4,11,2
343,2021-08-01T12:03:13,45,15,2,29,cycle,6,1,3
344,2021-08-01T12:03:13,46,16,2,47,cycle,2,5,4
345,2021-08-01T12:03:14,37,13,1,76,cycle,1,6,6
346,2021-08-01T13:03:13,40,14,1,58,cycle,1,2,5
347,2021-08-01T13:03:14,48,16,1,44,cycle,5,2,4
348,2021-08-01T13:03:14,37,13,1,58,cycle,1,2,5
349,2021-08-01T13:03:14,44,15,1,32,cycle,3,4,3
350,2021-08-01T15:01:08,44,15,2,62,replacement,4,6,5
351,2021-08-01T15:03:13,41,14,1,31,cycle,3,3,3
352,2021-08-01T15:03:34,44,15,1,48,cycle,3,6,4
353,2021-08-01T15:03:36,44,15,2,73,cycle,4,3,6
354,2021-08-01T17:01:07,21,7,1,39,replacement,5,11,3
355,2021-08-01T18:03:13,47,16,1,29,cycle,3,1,3
356,2021-08-01T19:03:13,45,15,2,20,cycle,6,6,2
357,2021-08-01T19:03:14,40,14,1,20,cycle,1,6,2
358,2021-08-01T20:03:13,39,13,2,20,cycle,6,6,2
359,2021-08-01T20:03:13,42,14,1,4,cycle,5,4,1
360,2021-08-01T20:03:19,43,15,2,67,cycle,2,11,5
361,2021-08-01T21:03:13,42,14,2,23,cycle,6,9,2
362,2021-08-01T21:03:13,41,14,1,71,cycle,3,1,6
363,2021-08-01T21:03:13,37,13,2,67,cycle,2,11,5
364,2021-08-01T21:03:14,41,14,1,58,cycle,3,2,5
365,2021-08-01T22:03:13,40,14,2,15,cycle,2,1,2
366,2021-08-01T22:03:13,47,16,1,25,cycle,3,11,2
368,2021-08-01T22:03:14,45,15,1,22,cycle,5,9,5
367,2021-08-01T22:03:14,42,14,1,65,cycle,5,8,2
369,2021-08-02T03:01:07,37,13,1,58,replacement,1,2,5
370,2021-08-02T03:01:07,39,13,1,21,replacement,5,7,2
371,2021-08-02T03:03:13,48,16,1,54,cycle,5,12,4
372,2021-08-02T03:03:14,46,16,1,45,cycle,1,3,4
373,2021-08-02T03:03:14,42,14,2,11,cycle,6,11,1
374,2021-08-02T03:03:14,41,14,1,44,cycle,3,2,4
375,2021-08-02T03:03:14,48,16,2,3,cycle,6,3,1
376,2021-08-02T03:03:15,41,14,2,22,cycle,4,8,2
377,2021-08-02T04:01:07,39,13,2,19,replacement,6,5,2
380,2021-08-02T04:03:13,47,16,1,37,cycle,1,9,6
378,2021-08-02T04:03:13,46,16,1,79,cycle,5,11,5
379,2021-08-02T04:03:13,48,16,1,67,cycle,3,9,3
381,2021-08-02T04:03:14,40,14,2,75,cycle,2,5,6
382,2021-08-02T04:03:14,47,16,2,49,cycle,4,7,4
383,2021-08-02T04:03:14,48,16,2,25,cycle,6,11,2
384,2021-08-02T05:01:07,48,16,2,59,replacement,6,3,5
385,2021-08-02T05:03:12,41,14,1,68,cycle,3,12,5
391,2021-08-02T05:03:13,42,14,2,21,cycle,5,7,3
390,2021-08-02T05:03:13,45,15,1,57,cycle,6,12,4
389,2021-08-02T05:03:13,45,15,1,15,cycle,2,10,4
388,2021-08-02T05:03:13,37,13,2,52,cycle,5,1,2
387,2021-08-02T05:03:13,39,13,2,54,cycle,5,1,5
386,2021-08-02T05:03:13,42,14,1,35,cycle,6,7,2
392,2021-08-02T05:03:14,45,15,2,9,cycle,6,9,1
393,2021-08-02T05:03:38,44,15,2,26,cycle,4,12,2
394,2021-08-02T06:01:31,44,15,2,57,replacement,4,1,5
395,2021-08-02T06:03:13,41,14,1,47,cycle,3,5,4
396,2021-08-02T06:03:19,37,13,2,21,cycle,2,7,2
397,2021-08-02T06:03:25,39,13,2,7,cycle,6,7,1
398,2021-08-02T07:01:07,41,14,1,1,replacement,3,1,1
399,2021-08-02T07:03:12,28,10,2,46,cycle,2,4,4
400,2021-08-02T07:03:13,46,16,1,38,cycle,1,10,3
401,2021-08-02T08:03:13,26,9,2,49,cycle,4,7,4
402,2021-08-02T09:03:14,11,4,1,59,cycle,3,3,5
403,2021-08-02T10:03:13,47,16,2,61,cycle,4,5,5
404,2021-08-02T11:03:13,37,13,1,48,cycle,1,6,4
405,2021-08-02T11:03:13,41,14,2,54,cycle,4,12,4
406,2021-08-02T11:03:14,39,13,1,32,cycle,5,4,3
407,2021-08-02T12:03:13,43,15,1,1,cycle,1,1,1
408,2021-08-02T12:03:13,39,13,1,15,cycle,5,1,2
409,2021-08-02T12:03:13,40,14,2,53,cycle,2,11,4
410,2021-08-02T12:06:38,41,14,1,12,cycle,3,12,1
411,2021-08-02T13:01:07,47,16,1,25,replacement,3,11,2
412,2021-08-02T13:01:07,45,15,1,19,replacement,5,5,2
413,2021-08-02T13:01:08,43,15,1,10,replacement,1,10,1
414,2021-08-02T13:03:13,46,16,2,39,cycle,2,11,3
415,2021-08-02T13:03:13,40,14,2,80,cycle,2,10,6
416,2021-08-02T13:03:13,16,6,2,75,cycle,2,5,6
417,2021-08-02T13:03:28,43,15,1,61,cycle,1,5,5
418,2021-08-02T14:03:13,42,14,1,18,cycle,5,4,2
419,2021-08-02T14:03:13,44,15,2,72,cycle,4,2,6
420,2021-08-02T14:03:14,42,14,1,61,cycle,5,5,5
421,2021-08-02T14:03:16,48,16,1,24,cycle,5,10,2
422,2021-08-02T14:03:17,43,15,2,79,cycle,2,9,6
423,2021-08-02T18:01:07,44,15,1,11,replacement,3,11,1
424,2021-08-02T19:03:13,39,13,2,44,cycle,6,2,4
425,2021-08-02T19:04:27,43,15,1,50,cycle,1,8,4
426,2021-08-02T20:03:14,20,7,2,39,cycle,4,11,3
427,2021-08-02T20:03:14,44,15,1,23,cycle,3,9,2
428,2021-08-02T20:03:19,44,15,2,20,cycle,4,6,2
429,2021-08-02T21:03:13,26,9,2,51,cycle,4,9,4
434,2021-08-05T16:03:15,38,13,2,77,cycle,4,7,1
433,2021-08-05T16:03:15,38,13,2,63,cycle,4,7,3
432,2021-08-05T16:03:15,38,13,2,49,cycle,4,7,4
431,2021-08-05T16:03:15,38,13,2,35,cycle,4,7,5
430,2021-08-05T16:03:15,38,13,2,7,cycle,4,7,6
435,2021-08-13T19:01:07,37,13,2,26,replacement,2,12,2
436,2021-08-13T19:01:07,39,13,2,32,replacement,6,4,3
437,2021-08-13T19:01:07,35,12,1,79,replacement,3,9,6
438,2021-08-16T00:03:14,38,13,2,40,cycle,4,12,3
439,2021-08-17T18:01:08,43,15,2,3,replacement,2,3,1
440,2021-08-17T18:03:01,43,15,2,4,replacement,2,4,1
441,2021-08-17T18:03:35,43,15,2,6,replacement,2,6,1
442,2021-08-17T18:03:53,43,15,2,7,replacement,2,7,1
443,2021-08-17T18:06:25,43,15,2,1,cycle,2,1,1
444,2021-08-17T19:01:07,43,15,2,10,replacement,2,10,1
445,2021-08-17T19:01:29,43,15,2,11,replacement,2,11,1
446,2021-08-17T19:04:16,43,15,2,12,replacement,2,12,1
447,2021-08-17T19:13:06,43,15,2,5,replacement,2,5,1
448,2021-08-17T19:13:54,43,15,2,9,replacement,2,9,1
449,2021-08-18T04:03:12,16,6,2,48,cycle,2,6,4
450,2021-08-18T04:03:13,39,13,1,65,cycle,5,9,5
451,2021-08-18T05:01:07,37,13,1,48,replacement,1,6,4
452,2021-08-18T05:03:12,27,9,2,68,cycle,6,12,5
453,2021-08-18T05:03:14,38,13,1,60,cycle,3,4,5
454,2021-08-18T11:03:27,37,13,1,42,cycle,1,14,3
455,2021-09-09T18:01:07,20,7,2,76,replacement,4,6,6
456,2021-09-10T04:03:12,40,14,1,75,cycle,1,5,6
457,2021-09-10T04:03:13,12,4,2,71,cycle,6,1,6
458,2021-09-10T06:03:12,34,12,1,51,cycle,1,9,4
459,2021-09-16T21:01:06,14,5,2,31,replacement,4,3,3
460,2021-09-21T02:03:15,27,9,2,24,cycle,6,10,2
461,2021-09-22T19:01:07,10,4,2,45,replacement,2,3,4
462,2021-09-27T14:01:07,16,6,2,43,replacement,2,1,4
463,2021-09-28T10:03:14,42,14,1,23,cycle,5,9,2
464,2021-09-29T04:03:12,15,5,1,58,cycle,5,2,5
465,2021-09-29T04:03:13,6,2,1,10,cycle,5,10,1
466,2021-09-29T05:01:06,47,16,2,29,replacement,4,1,3
467,2021-09-29T05:03:12,16,6,2,81,cycle,2,11,6
468,2021-09-29T08:01:06,26,9,2,34,replacement,4,6,3
469,2021-09-29T08:01:06,33,11,2,79,replacement,6,9,6
470,2021-09-29T08:03:13,32,11,1,9,cycle,3,9,1
471,2021-09-29T11:03:13,6,2,1,74,cycle,5,4,6
472,2021-09-29T13:03:14,15,5,1,79,cycle,5,9,6
473,2021-09-29T17:03:13,33,11,2,20,cycle,6,6,2
474,2021-09-29T22:03:14,15,5,1,3,cycle,5,3,1
475,2021-09-30T00:03:14,17,6,1,53,cycle,3,11,4
476,2021-09-30T05:03:12,27,9,2,1,cycle,6,1,1
477,2021-09-30T05:03:13,14,5,1,67,cycle,3,11,5
478,2021-09-30T05:03:13,39,13,1,47,cycle,5,5,4
479,2021-09-30T10:03:14,27,9,2,60,cycle,6,4,5
480,2021-09-30T11:03:15,31,11,1,29,cycle,1,1,3
481,2021-09-30T12:03:14,35,12,2,50,cycle,4,8,4
482,2021-09-30T14:03:14,31,11,2,66,cycle,2,10,5
483,2021-09-30T16:03:14,36,12,2,53,cycle,6,11,4
484,2021-09-30T18:03:13,34,12,2,60,cycle,2,4,5
486,2021-09-30T20:03:13,34,12,1,35,cycle,3,6,5
485,2021-09-30T20:03:13,32,11,1,62,cycle,1,7,3
487,2021-09-30T22:03:14,29,10,2,49,cycle,4,7,4
488,2021-09-30T23:03:14,27,9,1,79,cycle,5,9,6
489,2021-10-01T02:03:14,35,12,2,63,cycle,4,7,5
490,2021-10-01T03:03:13,35,12,2,37,cycle,4,9,3
491,2021-10-01T05:03:14,29,10,1,60,cycle,3,4,5
492,2021-10-01T06:01:07,2,1,1,63,replacement,3,7,5
493,2021-10-01T09:03:13,30,10,2,65,cycle,6,9,5
494,2021-10-01T09:03:13,34,12,1,50,cycle,1,8,4
495,2021-10-01T10:03:13,19,7,1,68,cycle,1,12,5
496,2021-10-01T10:03:14,35,12,2,53,cycle,4,11,4
497,2021-10-01T13:03:12,31,11,2,43,cycle,2,1,4
498,2021-10-01T14:03:13,31,11,1,7,cycle,1,7,1
499,2021-10-01T16:03:13,35,12,2,34,cycle,4,6,3
500,2021-10-01T16:03:14,33,11,1,58,cycle,5,2,5
501,2021-10-01T17:03:13,29,10,1,65,cycle,3,9,5
502,2021-10-01T17:03:13,35,12,1,43,cycle,3,1,4
503,2021-10-01T19:03:13,31,11,2,58,cycle,2,2,5
504,2021-10-01T19:03:13,34,12,1,63,cycle,1,7,5
505,2021-10-01T20:03:13,35,12,1,12,cycle,3,12,1
506,2021-10-01T20:03:15,35,12,1,75,cycle,3,5,6
507,2021-10-01T21:03:13,33,11,1,38,cycle,5,10,3
508,2021-10-01T21:03:14,28,10,2,71,cycle,2,1,6
509,2021-10-01T22:03:13,35,12,1,81,cycle,3,11,6
510,2021-10-01T22:03:13,1,1,2,16,cycle,2,2,2
511,2021-10-01T23:03:13,34,12,1,32,cycle,1,4,3
512,2021-10-02T00:03:13,28,10,2,50,cycle,2,8,4
513,2021-10-02T05:03:14,34,12,2,44,cycle,2,2,4
514,2021-10-02T07:03:14,46,16,2,35,cycle,2,7,3
515,2021-10-02T09:01:07,35,12,2,53,replacement,4,11,4
516,2021-10-02T09:03:13,30,10,2,31,cycle,6,3,3
517,2021-10-02T10:03:13,33,11,1,39,cycle,5,11,3
518,2021-10-02T12:03:13,33,11,2,68,cycle,6,12,5
519,2021-10-02T12:03:15,30,10,1,60,cycle,5,4,5
520,2021-10-02T13:03:13,31,11,1,75,cycle,1,5,6
521,2021-10-02T18:03:13,32,11,1,65,cycle,3,9,5
522,2021-10-02T19:03:13,27,9,2,68,cycle,6,12,5
523,2021-10-02T19:03:14,34,12,2,40,cycle,2,12,3
524,2021-10-02T21:03:14,33,11,2,59,cycle,6,3,5
525,2021-10-02T23:03:13,32,11,1,32,cycle,3,4,3
526,2021-10-03T01:03:13,20,7,2,29,cycle,4,1,3
527,2021-10-03T04:01:07,27,9,2,68,replacement,6,12,5
528,2021-10-03T04:03:13,28,10,1,50,cycle,1,8,4
529,2021-10-03T05:03:13,32,11,2,76,cycle,4,6,6
530,2021-10-03T07:03:13,34,12,2,77,cycle,2,7,6
531,2021-10-03T12:03:14,8,3,1,67,cycle,3,11,5
532,2021-10-03T13:03:13,32,11,1,80,cycle,3,10,6
533,2021-10-03T13:03:14,11,4,1,3,cycle,3,3,1
534,2021-10-03T13:03:14,13,5,1,65,cycle,1,9,5
535,2021-10-03T14:03:13,36,12,1,16,cycle,5,2,2
536,2021-10-03T14:03:13,31,11,1,60,cycle,1,4,5
537,2021-10-03T14:03:14,19,7,1,72,cycle,1,2,6
538,2021-10-03T16:03:14,28,10,2,68,cycle,2,12,5
539,2021-10-03T19:03:14,27,9,1,36,cycle,5,8,3
540,2021-10-03T21:03:13,29,10,2,23,cycle,4,9,2
541,2021-10-03T21:03:14,31,11,2,36,cycle,2,8,3
542,2021-10-03T22:03:13,35,12,1,48,cycle,3,6,4
543,2021-10-03T22:03:14,35,12,1,65,cycle,3,9,5
544,2021-10-03T23:03:14,34,12,1,19,cycle,1,5,2
545,2021-10-04T01:03:14,36,12,1,68,cycle,5,12,5
546,2021-10-04T06:03:14,34,12,2,73,cycle,2,3,6
547,2021-10-04T06:03:14,27,9,2,44,cycle,6,2,4
548,2021-10-04T07:01:08,3,1,2,43,replacement,6,1,4
549,2021-10-04T07:03:13,29,10,1,79,cycle,3,9,6
550,2021-10-04T08:03:13,27,9,2,67,cycle,6,11,5
551,2021-10-04T11:03:13,31,11,2,67,cycle,2,11,5
552,2021-10-04T13:03:14,10,4,1,45,cycle,1,3,4
553,2021-10-04T14:03:13,26,9,1,78,cycle,3,8,6
554,2021-10-04T15:03:13,25,9,1,31,cycle,1,3,3
555,2021-10-04T15:03:13,25,9,1,59,cycle,1,3,5
556,2021-10-04T15:03:13,11,4,2,25,cycle,4,11,2
557,2021-10-04T15:03:14,25,9,1,75,cycle,1,5,6
558,2021-10-04T16:03:13,19,7,1,16,cycle,1,2,2
559,2021-10-04T16:03:14,19,7,1,75,cycle,1,5,6
560,2021-10-05T02:03:12,10,4,1,39,cycle,1,11,3
561,2021-10-05T13:03:13,44,15,2,17,cycle,4,3,2
562,2021-10-12T18:03:13,28,10,2,19,cycle,2,5,2
563,2021-11-05T08:01:07,27,9,1,75,replacement,5,5,6
564,2021-11-07T14:03:13,33,11,2,66,cycle,6,10,5
565,2021-11-07T17:01:07,33,11,2,66,replacement,6,10,5
566,2021-11-10T19:03:12,37,13,1,61,cycle,1,5,5
567,2021-11-10T20:01:07,5,2,2,80,replacement,4,10,6
568,2021-11-10T23:01:07,42,14,2,38,replacement,6,10,3
569,2021-11-10T23:03:14,13,5,1,20,cycle,1,6,2
570,2021-11-11T00:01:07,13,5,1,12,replacement,1,12,1
571,2021-11-11T05:03:13,12,4,1,36,cycle,5,8,3
572,2021-11-11T07:03:13,37,13,1,62,cycle,1,6,5
573,2021-11-11T10:03:13,35,12,2,65,cycle,4,9,5
574,2021-11-11T14:03:13,33,11,2,31,cycle,6,3,3
575,2021-11-11T15:01:07,39,13,1,32,replacement,5,4,3
576,2021-11-11T15:03:12,20,7,2,57,cycle,4,1,5
577,2021-11-11T16:03:13,46,16,1,1,cycle,1,1,1
578,2021-11-11T18:03:13,42,14,1,36,cycle,5,8,3
579,2021-11-17T05:01:07,35,12,2,65,replacement,4,9,5
580,2021-11-29T10:03:13,22,8,2,73,cycle,2,3,6
581,2021-11-29T10:03:14,22,8,2,79,cycle,2,9,6
582,2021-12-15T09:03:14,28,10,1,16,cycle,1,2,2
583,2021-12-17T15:03:12,2,1,2,64,cycle,4,8,5
585,2021-12-17T18:03:12,24,8,1,58,cycle,4,10,3
584,2021-12-17T18:03:12,32,11,2,38,cycle,5,2,5
586,2021-12-19T06:03:13,40,14,2,71,cycle,2,1,6
587,2021-12-22T04:03:14,47,16,1,24,cycle,3,10,2
588,2021-12-22T04:03:14,47,16,1,38,cycle,3,10,3
589,2021-12-29T10:03:14,35,12,1,72,cycle,3,2,6
590,2022-01-01T09:03:14,22,8,2,64,cycle,2,8,5
591,2022-01-01T09:03:14,22,8,2,78,cycle,2,8,6
592,2022-01-05T12:01:07,37,13,1,61,replacement,1,5,5
593,2022-01-05T22:03:14,24,8,1,49,cycle,5,7,4
594,2022-01-10T20:01:08,18,6,2,29,replacement,6,1,3
595,2022-01-13T18:03:15,33,11,1,53,cycle,5,11,4
596,2022-01-15T21:01:08,42,14,1,22,replacement,5,8,2
597,2022-01-19T05:03:15,22,8,2,71,cycle,2,1,6
598,2022-01-19T05:03:18,22,8,2,67,cycle,2,11,5
599,2022-01-19T05:03:18,22,8,2,81,cycle,2,11,6
600,2022-01-19T05:03:19,22,8,2,59,cycle,2,3,5
601,2022-01-19T05:03:19,22,8,2,73,cycle,2,3,6
602,2022-01-19T05:03:20,22,8,2,65,cycle,2,9,5
603,2022-01-19T05:03:20,22,8,2,79,cycle,2,9,6
604,2022-01-19T06:03:15,22,8,2,25,cycle,2,11,2
605,2022-01-24T11:40:30,22,8,2,81,replacement,2,11,6
606,2022-01-24T14:01:05,47,16,1,79,replacement,3,9,6
607,2022-01-26T06:03:19,3,1,2,77,cycle,6,7,6
608,2022-01-27T15:01:07,3,1,2,77,replacement,6,7,6
609,2022-02-08T14:01:07,3,1,2,77,replacement,6,7,6
610,2022-02-19T20:03:14,35,12,1,72,cycle,3,2,6
611,2022-02-22T07:03:13,46,16,1,25,cycle,1,11,2
612,2022-02-24T12:03:17,25,9,2,80,cycle,2,10,6
613,2022-02-24T15:03:13,26,9,1,72,cycle,3,2,6
614,2022-02-24T16:03:12,30,10,1,49,cycle,5,7,4
615,2022-02-24T16:03:14,33,11,2,22,cycle,6,8,2
616,2022-02-24T18:03:13,26,9,1,32,cycle,3,4,3
619,2022-02-24T20:03:13,30,10,1,72,cycle,3,2,2
617,2022-02-24T20:03:13,32,11,1,16,cycle,5,10,6
618,2022-02-24T20:03:13,9,3,1,80,cycle,5,2,6
620,2022-02-24T21:03:13,9,3,1,3,cycle,5,3,1
621,2022-02-24T21:03:15,33,11,2,57,cycle,6,1,5
622,2022-02-24T22:03:13,31,11,1,21,cycle,1,7,2
623,2022-02-24T23:03:13,32,11,1,60,cycle,3,4,5
624,2022-02-24T23:03:14,35,12,1,7,cycle,3,7,1
625,2022-02-25T00:03:13,29,10,1,5,cycle,3,5,1
626,2022-02-25T01:03:14,25,9,2,74,cycle,2,4,6
627,2022-02-25T21:03:14,13,5,1,20,cycle,1,6,2
628,2022-02-27T00:03:13,38,13,2,66,cycle,4,10,5
629,2022-03-02T22:03:13,15,5,1,58,cycle,5,2,5
630,2022-03-16T14:03:15,19,7,1,58,cycle,1,2,5
631,2022-03-17T20:03:13,23,8,2,10,cycle,4,10,1
632,2022-03-17T22:01:07,25,9,2,40,replacement,2,12,3
633,2022-03-17T22:03:13,9,3,2,39,cycle,6,11,3
634,2022-03-17T23:03:14,8,3,1,22,cycle,3,8,2
635,2022-03-18T00:03:13,23,8,2,25,cycle,4,11,2
636,2022-03-18T01:01:07,38,13,2,66,replacement,4,10,5
637,2022-03-18T01:03:29,38,13,1,26,cycle,3,12,2
638,2022-03-18T02:01:08,23,8,2,10,replacement,4,10,1
639,2022-03-18T02:03:13,7,3,2,59,cycle,2,3,5
640,2022-03-18T03:03:14,46,16,1,57,cycle,1,1,5
641,2022-03-18T03:03:14,4,2,1,8,cycle,1,8,1
642,2022-03-18T04:03:13,15,5,2,48,cycle,6,6,4
643,2022-03-18T05:03:13,6,2,2,15,cycle,6,1,2
644,2022-03-18T05:03:13,25,9,1,78,cycle,1,8,6
645,2022-03-18T05:03:49,30,10,2,2,cycle,6,2,1
646,2022-03-18T06:03:13,30,10,2,72,cycle,6,2,6
647,2022-03-18T16:03:13,21,7,2,50,cycle,6,8,4
648,2022-03-18T17:03:14,41,14,2,64,cycle,4,8,5
650,2022-03-18T18:03:13,7,3,1,76,cycle,5,1,6
649,2022-03-18T18:03:13,3,1,1,71,cycle,1,6,6
651,2022-03-18T19:03:14,6,2,2,78,cycle,6,8,6
652,2022-03-18T19:03:14,15,5,1,33,cycle,5,5,3
653,2022-03-22T12:03:15,22,8,2,65,cycle,2,9,5
654,2022-03-22T13:03:17,22,8,2,23,cycle,2,9,2
655,2022-03-22T14:01:08,22,8,2,79,replacement,2,9,6
656,2022-03-23T09:03:25,22,8,2,69,cycle,2,13,5
657,2022-03-23T10:03:15,22,8,2,57,cycle,2,1,5
658,2022-03-23T10:03:15,22,8,2,71,cycle,2,1,6
660,2022-03-23T10:03:16,22,8,2,73,cycle,2,3,5
659,2022-03-23T10:03:16,22,8,2,59,cycle,2,3,6
661,2022-03-23T10:03:17,22,8,2,62,cycle,2,6,5
662,2022-03-23T10:03:17,22,8,2,76,cycle,2,6,6
663,2022-03-23T10:03:18,22,8,2,64,cycle,2,8,5
664,2022-03-23T10:03:18,22,8,2,78,cycle,2,8,6
665,2022-03-23T21:01:07,25,9,2,80,replacement,2,10,6
666,2022-03-26T22:01:07,9,3,1,3,replacement,5,3,1
667,2022-03-29T10:01:08,30,10,2,31,replacement,6,3,3
668,2022-03-30T04:03:13,35,12,2,35,cycle,4,7,3
669,2022-04-08T11:01:08,22,8,2,76,replacement,2,6,6
670,2022-04-08T11:01:32,22,8,2,78,replacement,2,8,6
671,2022-04-08T11:01:59,22,8,2,79,replacement,2,9,6
672,2022-04-08T11:04:23,22,8,2,80,cycle,2,10,6
673,2022-04-08T11:04:27,22,8,2,75,cycle,2,5,6
674,2022-04-08T11:04:28,22,8,2,77,cycle,2,7,6
675,2022-04-08T13:01:06,22,8,2,71,replacement,2,1,6
676,2022-04-08T13:01:52,22,8,2,81,replacement,2,11,6
677,2022-04-08T13:02:31,22,8,2,82,replacement,2,12,6
678,2022-04-08T13:05:03,22,8,2,73,replacement,2,3,6
679,2022-04-08T13:05:36,22,8,2,75,replacement,2,5,6
680,2022-04-08T13:10:36,22,8,2,66,cycle,2,10,5
681,2022-04-08T13:10:40,22,8,2,72,cycle,2,2,6
682,2022-04-08T13:10:42,22,8,2,74,cycle,2,4,6
683,2022-04-08T13:10:44,22,8,2,63,cycle,2,7,5
684,2022-04-08T14:15:42,22,8,2,80,replacement,2,10,6
685,2022-04-08T14:16:07,22,8,2,77,replacement,2,7,6
686,2022-04-13T07:03:13,38,13,2,29,cycle,4,1,3
687,2022-04-13T22:03:14,35,12,2,63,cycle,4,7,5
688,2022-04-19T13:01:06,24,8,2,44,replacement,6,2,4
689,2022-04-26T07:01:07,27,9,2,67,replacement,6,11,5
690,2022-04-29T13:03:13,34,12,2,32,cycle,2,4,3
691,2022-04-29T13:03:14,29,10,1,43,cycle,3,1,4
692,2022-04-29T13:03:14,48,16,1,52,cycle,5,10,4
694,2022-04-29T14:03:13,3,1,1,33,cycle,2,4,2
693,2022-04-29T14:03:13,43,15,2,18,cycle,5,5,3
695,2022-04-29T14:03:14,35,12,2,59,cycle,4,3,5
696,2022-04-29T14:03:14,28,10,1,51,cycle,1,9,4
697,2022-04-29T15:03:15,37,13,1,52,cycle,1,10,4
698,2022-04-29T16:03:13,25,9,2,31,cycle,2,3,3
699,2022-04-29T16:03:13,6,2,2,31,cycle,6,3,3
700,2022-04-29T16:03:14,14,5,2,30,cycle,4,2,3
701,2022-04-29T17:03:13,37,13,1,82,cycle,1,12,6
702,2022-05-01T19:03:14,34,12,1,59,cycle,1,3,5
703,2022-05-11T10:03:14,30,10,2,62,cycle,6,6,5
704,2022-05-17T20:01:07,30,10,2,62,replacement,6,6,5
705,2022-05-18T15:03:13,7,3,1,15,cycle,1,1,2
706,2022-05-18T15:03:13,28,10,1,52,cycle,1,10,4
707,2022-05-18T15:03:14,41,14,2,51,cycle,4,9,4
708,2022-05-18T15:03:14,4,2,1,61,cycle,1,5,5
709,2022-05-18T15:03:14,18,6,1,33,cycle,5,5,3
710,2022-05-18T15:03:14,47,16,2,20,cycle,4,6,2
711,2022-05-18T15:03:14,44,15,1,47,cycle,3,5,4
712,2022-05-24T11:03:14,11,4,2,58,cycle,4,2,5
713,2022-05-24T11:03:14,9,3,2,73,cycle,6,3,6
715,2022-05-27T11:01:07,19,7,1,73,replacement,2,3,2
714,2022-05-27T11:01:07,1,1,2,17,replacement,1,3,6
716,2022-05-27T11:01:08,38,13,2,22,replacement,4,8,2
717,2022-05-27T11:01:08,6,2,2,39,replacement,6,11,3
718,2022-05-27T11:01:08,4,2,2,71,replacement,2,1,6
719,2022-05-27T11:01:23,19,7,2,50,replacement,2,8,4
720,2022-05-31T11:01:08,24,8,2,2,replacement,6,2,1
721,2022-05-31T15:07:20,24,8,2,44,cycle,6,2,4
722,2022-06-05T01:01:08,28,10,1,16,replacement,1,2,2
723,2022-06-10T08:02:01,24,8,2,44,replacement,6,2,4
724,2022-06-11T07:03:16,4,2,1,64,cycle,1,8,5
725,2022-06-16T12:03:17,22,8,2,57,cycle,2,1,5
726,2022-06-16T12:03:18,22,8,2,66,cycle,2,10,5
727,2022-06-16T12:03:19,22,8,2,67,cycle,2,11,5
728,2022-06-16T12:03:21,22,8,2,68,cycle,2,12,5
729,2022-06-16T12:03:22,22,8,2,58,cycle,2,2,5
730,2022-06-16T12:03:23,22,8,2,59,cycle,2,3,5
731,2022-06-16T12:03:24,22,8,2,60,cycle,2,4,5
732,2022-06-16T12:03:26,22,8,2,61,cycle,2,5,5
733,2022-06-16T12:03:27,22,8,2,62,cycle,2,6,5
734,2022-06-16T12:03:29,22,8,2,63,cycle,2,7,5
735,2022-06-16T12:03:30,22,8,2,64,cycle,2,8,5
736,2022-06-16T12:03:31,22,8,2,65,cycle,2,9,5
737,2022-06-16T13:03:15,22,8,2,10,cycle,2,10,1
738,2022-06-16T13:03:16,22,8,2,11,cycle,2,11,1
739,2022-06-16T13:03:17,22,8,2,12,cycle,2,12,1
740,2022-06-24T13:03:14,18,6,1,44,cycle,5,2,4
741,2022-06-26T00:03:15,15,5,2,33,cycle,6,5,3
742,2022-06-30T15:03:14,21,7,1,15,cycle,5,1,2
743,2022-07-08T15:03:18,22,8,2,80,cycle,2,10,6
744,2022-07-08T15:03:21,22,8,2,81,cycle,2,11,6
745,2022-07-08T15:03:22,22,8,2,82,cycle,2,12,6
746,2022-07-08T15:03:24,22,8,2,73,cycle,2,3,6
747,2022-07-08T15:03:25,22,8,2,74,cycle,2,4,6
748,2022-07-08T15:03:26,22,8,2,75,cycle,2,5,6
749,2022-07-08T15:03:28,22,8,2,76,cycle,2,6,6
750,2022-07-08T15:03:29,22,8,2,77,cycle,2,7,6
751,2022-07-08T15:03:30,22,8,2,78,cycle,2,8,6
752,2022-07-08T15:03:31,22,8,2,79,cycle,2,9,6
753,2022-07-24T19:03:14,36,12,1,45,cycle,5,3,4
754,2022-07-28T20:03:14,7,3,2,77,cycle,2,7,6
755,2022-07-29T13:01:08,7,3,2,77,replacement,2,7,6
756,2022-07-29T18:03:14,28,10,1,20,cycle,1,6,2
757,2022-08-14T17:03:15,34,12,2,25,cycle,2,11,2
758,2022-08-21T02:03:14,28,10,2,4,cycle,2,4,1
759,2022-08-25T15:01:08,29,10,1,19,replacement,3,5,2
760,2022-08-31T15:03:12,11,4,1,30,cycle,3,2,3
761,2022-09-20T09:03:15,15,5,2,33,cycle,6,5,3
762,2022-10-07T11:01:06,29,10,2,74,replacement,4,4,6
763,2022-10-11T19:03:15,35,12,1,72,cycle,3,2,6
764,2022-10-15T02:03:14,37,13,2,57,cycle,2,1,5
765,2022-10-28T21:03:14,37,13,1,9,cycle,1,9,1
766,2022-11-02T17:01:08,6,2,1,26,replacement,5,12,2
767,2022-11-02T17:01:25,6,2,1,22,replacement,5,8,2
768,2022-11-19T18:03:15,43,15,1,21,cycle,1,7,2
769,2022-11-20T00:01:08,43,15,1,21,replacement,1,7,2
770,2022-11-24T00:03:13,26,9,1,61,cycle,3,5,5
771,2022-11-24T05:03:14,31,11,1,82,cycle,1,12,6
772,2022-11-24T05:03:16,31,11,1,60,cycle,1,4,5
773,2022-11-24T05:03:16,31,11,1,74,cycle,1,4,6
774,2022-11-26T04:01:08,11,4,2,82,replacement,4,12,6
775,2022-11-26T19:03:14,16,6,1,11,cycle,1,11,1
776,2022-11-29T23:03:18,14,5,1,33,cycle,3,5,3
777,2022-11-30T10:03:15,41,14,1,24,cycle,3,10,2
778,2022-12-16T10:03:15,15,5,2,33,cycle,6,5,3
779,2022-12-28T11:01:08,20,7,2,73,replacement,4,3,6
780,2023-01-06T10:03:14,26,9,1,72,cycle,3,2,6
781,2023-01-09T08:03:14,37,13,1,10,cycle,1,10,1
782,2023-01-10T20:03:14,42,14,1,33,cycle,5,5,3
783,2023-01-12T07:01:08,15,5,2,33,replacement,6,5,3
784,2023-01-14T14:03:14,46,16,2,18,cycle,2,4,2
785,2023-01-17T14:03:14,20,7,1,78,cycle,3,8,6
786,2023-02-06T17:01:08,42,14,1,33,replacement,5,5,3
787,2023-02-06T19:03:13,32,11,1,2,cycle,3,2,1
788,2023-02-06T20:03:13,20,7,2,30,cycle,4,2,3
789,2023-02-06T21:01:07,47,16,2,29,replacement,4,1,3
791,2023-02-06T22:03:13,16,6,1,32,cycle,2,6,4
790,2023-02-06T22:03:13,10,4,2,48,cycle,1,4,3
792,2023-02-06T23:03:13,8,3,2,5,cycle,4,5,1
793,2023-02-06T23:03:13,20,7,1,16,cycle,3,2,2
794,2023-02-07T00:03:13,27,9,1,74,cycle,5,4,6
795,2023-02-07T00:03:13,32,11,1,58,cycle,3,2,5
796,2023-02-07T02:03:13,26,9,2,32,cycle,4,4,3
797,2023-02-07T03:03:13,47,16,1,7,cycle,3,7,1
798,2023-02-07T03:03:14,3,1,2,64,cycle,6,8,5
799,2023-02-07T03:03:14,22,8,1,40,cycle,1,12,3
800,2023-02-07T03:03:15,22,8,1,23,cycle,1,9,2
801,2023-02-07T07:03:14,38,13,2,53,cycle,4,11,4
802,2023-02-07T13:03:13,22,8,2,4,cycle,2,4,1
803,2023-02-07T14:03:13,24,8,1,30,cycle,5,2,3
804,2023-02-07T16:03:13,15,5,1,23,cycle,5,9,2
805,2023-02-07T16:03:14,10,4,1,54,cycle,1,12,4
806,2023-02-07T19:03:13,15,5,2,30,cycle,6,2,3
807,2023-02-07T19:03:13,7,3,2,31,cycle,2,3,3
808,2023-02-07T19:03:13,37,13,1,1,cycle,1,1,1
809,2023-02-07T20:03:13,29,10,1,8,cycle,3,8,1
810,2023-02-07T20:03:13,8,3,2,10,cycle,4,10,1
811,2023-02-07T20:03:14,4,2,1,45,cycle,1,3,4
812,2023-02-07T21:03:12,17,6,1,52,cycle,3,10,4
813,2023-02-07T21:03:13,47,16,1,3,cycle,3,3,1
814,2023-02-07T21:03:13,48,16,1,23,cycle,5,9,2
815,2023-02-07T21:03:13,32,11,1,53,cycle,3,11,4
816,2023-02-07T21:03:14,27,9,2,66,cycle,6,10,5
817,2023-02-07T22:03:12,38,13,1,53,cycle,3,11,4
818,2023-02-07T22:03:13,9,3,2,63,cycle,6,7,5
819,2023-02-07T22:03:14,18,6,1,74,cycle,5,4,6
820,2023-02-07T22:03:14,7,3,2,57,cycle,2,1,5
821,2023-02-07T23:01:08,31,11,1,10,replacement,1,10,1
824,2023-02-08T00:03:13,4,2,1,65,cycle,1,8,3
823,2023-02-08T00:03:13,23,8,2,2,cycle,4,2,1
822,2023-02-08T00:03:13,40,14,1,36,cycle,1,9,5
825,2023-02-08T00:03:14,44,15,2,81,cycle,4,11,6
826,2023-02-08T00:03:14,23,8,2,61,cycle,4,5,5
827,2023-02-08T00:03:14,25,9,1,24,cycle,1,10,2
828,2023-02-08T00:03:14,43,15,1,43,cycle,1,1,4
829,2023-02-08T00:03:15,15,5,1,33,cycle,5,5,3
830,2023-02-08T00:03:15,15,5,2,48,cycle,6,6,4
831,2023-02-08T01:03:13,11,4,2,72,cycle,4,2,6
832,2023-02-08T01:03:13,48,16,1,30,cycle,5,2,3
836,2023-02-08T01:03:14,1,1,2,35,cycle,3,1,3
835,2023-02-08T01:03:14,1,1,2,32,cycle,5,10,3
833,2023-02-08T01:03:14,47,16,1,29,cycle,2,4,3
834,2023-02-08T01:03:14,42,14,1,38,cycle,2,7,3
837,2023-02-08T02:03:14,19,7,1,53,cycle,1,11,4
838,2023-02-08T02:03:14,27,9,1,40,cycle,5,12,3
839,2023-02-08T02:03:15,17,6,1,33,cycle,3,5,3
840,2023-02-10T14:03:15,10,4,2,65,cycle,2,9,5
841,2023-02-10T16:03:15,38,13,1,26,cycle,3,12,2
842,2023-02-10T19:03:12,13,5,1,20,cycle,1,6,2
843,2023-02-10T19:03:14,48,16,1,24,cycle,5,10,2
844,2023-02-10T20:03:13,6,2,2,78,cycle,6,8,6
845,2023-02-10T20:03:14,40,14,1,62,cycle,1,6,5
846,2023-02-10T20:03:14,40,14,2,47,cycle,2,5,4
847,2023-02-10T21:03:14,33,11,2,31,cycle,6,3,3
848,2023-02-11T10:03:14,1,1,2,79,cycle,2,9,6
849,2023-02-13T14:03:13,21,7,1,33,cycle,5,5,3
850,2023-02-13T14:03:18,37,13,1,33,cycle,1,5,3
851,2023-02-13T15:01:07,6,2,2,78,replacement,6,8,6
852,2023-02-13T17:03:12,35,12,1,75,cycle,3,5,6
853,2023-02-13T17:03:12,40,14,2,78,cycle,2,8,6
854,2023-02-14T20:03:14,24,8,1,47,cycle,5,5,4
855,2023-02-14T21:03:13,37,13,1,29,cycle,1,1,3
856,2023-02-15T01:01:08,26,9,1,65,replacement,3,9,5
857,2023-02-15T02:03:14,1,1,2,20,cycle,2,6,2
858,2023-02-15T02:03:14,10,4,1,39,cycle,1,11,3
859,2023-02-15T03:01:08,13,5,1,20,replacement,1,6,2
860,2023-02-15T03:03:13,17,6,2,52,cycle,4,10,4
861,2023-02-15T04:03:13,8,3,1,54,cycle,3,12,4
862,2023-02-15T05:03:13,36,12,1,54,cycle,5,12,4
863,2023-02-15T05:03:13,30,10,1,67,cycle,5,11,5
864,2023-02-15T06:03:13,8,3,2,44,cycle,4,2,4
865,2023-02-15T06:03:34,26,9,1,23,cycle,3,9,2
866,2023-02-15T07:03:13,41,14,1,63,cycle,3,7,5
867,2023-02-15T07:03:13,27,9,2,3,cycle,6,3,1
868,2023-02-15T09:03:12,45,15,2,9,cycle,6,9,1
870,2023-02-15T11:03:13,24,8,2,80,cycle,2,10,4
869,2023-02-15T11:03:13,7,3,2,52,cycle,6,10,6
871,2023-02-15T13:03:14,4,2,2,53,cycle,2,11,4
872,2023-02-23T04:03:15,31,11,2,1,cycle,2,1,1
873,2023-02-28T14:03:14,10,4,1,78,cycle,1,8,6
874,2023-02-28T14:03:14,33,11,1,79,cycle,5,9,6
875,2023-02-28T14:03:15,33,11,2,30,cycle,6,2,3
876,2023-02-28T16:01:07,15,5,1,40,replacement,5,12,3
877,2023-02-28T16:01:09,16,6,1,75,replacement,1,5,6
878,2023-02-28T16:01:10,3,1,1,63,replacement,5,7,5
879,2023-03-01T14:03:13,31,11,2,9,cycle,2,9,1
881,2023-03-01T15:03:13,24,8,1,81,cycle,1,9,6
880,2023-03-01T15:03:13,46,16,1,79,cycle,5,11,6
882,2023-03-01T15:03:14,16,6,1,21,cycle,1,7,2
883,2023-03-01T15:03:14,11,4,1,72,cycle,3,2,6
884,2023-03-01T15:03:15,31,11,2,10,cycle,2,10,1
885,2023-03-01T16:01:07,41,14,1,63,replacement,3,7,5
886,2023-03-01T16:03:13,38,13,1,60,cycle,3,4,5
887,2023-03-01T16:03:13,43,15,2,72,cycle,2,2,6
888,2023-03-01T16:03:15,29,10,1,33,cycle,3,5,3
889,2023-03-01T17:03:14,23,8,2,50,cycle,4,8,4
892,2023-03-01T18:03:13,43,15,1,24,cycle,2,2,1
890,2023-03-01T18:03:13,4,2,2,2,cycle,4,7,6
891,2023-03-01T18:03:13,17,6,2,77,cycle,1,10,2
893,2023-03-01T18:03:14,44,15,1,16,cycle,3,2,2
894,2023-03-01T18:03:14,22,8,1,6,cycle,1,6,1
895,2023-03-01T18:03:14,35,12,1,80,cycle,3,10,6
896,2023-03-01T18:03:14,42,14,2,54,cycle,6,12,4
897,2023-03-01T18:03:14,43,15,2,61,cycle,2,5,5
898,2023-03-01T18:03:14,28,10,1,32,cycle,1,4,3
899,2023-03-01T18:03:15,28,10,1,20,cycle,1,6,2
900,2023-03-01T18:03:20,11,4,1,68,cycle,3,12,5
901,2023-03-01T19:01:07,36,12,1,36,replacement,5,8,3
902,2023-03-01T19:01:08,20,7,1,78,replacement,3,8,6
903,2023-03-01T19:01:08,39,13,2,68,replacement,6,12,5
904,2023-03-01T19:03:13,22,8,2,62,cycle,2,6,5
905,2023-03-01T19:03:13,45,15,2,79,cycle,6,9,6
906,2023-03-01T20:01:08,18,6,1,38,replacement,5,10,3
907,2023-03-01T20:03:39,20,7,1,56,cycle,3,14,4
908,2023-03-03T12:03:13,23,8,1,29,cycle,3,1,3
909,2023-03-03T12:03:13,28,10,1,68,cycle,1,12,5
911,2023-03-03T12:03:14,23,8,2,77,cycle,2,9,1
910,2023-03-03T12:03:14,22,8,2,9,cycle,4,7,6
912,2023-03-03T13:03:13,5,2,1,74,cycle,3,4,6
913,2023-03-03T13:03:14,46,16,1,76,cycle,1,6,6
914,2023-03-03T13:03:14,35,12,2,24,cycle,4,10,2
915,2023-03-03T13:03:15,5,2,2,20,cycle,4,6,2
916,2023-03-03T13:03:17,11,4,1,40,cycle,3,12,3
917,2023-03-03T13:03:19,31,11,2,39,cycle,2,11,3
918,2023-03-03T23:01:08,10,4,2,58,replacement,2,2,5
919,2023-03-05T11:03:16,29,10,1,62,cycle,3,6,5
920,2023-03-05T14:01:07,29,10,1,62,replacement,3,6,5
921,2023-03-05T20:03:13,9,3,1,21,cycle,5,7,2
922,2023-03-06T17:03:13,9,3,1,82,cycle,5,12,6
923,2023-03-06T17:03:13,36,12,1,49,cycle,5,7,4
924,2023-03-06T18:01:08,1,1,2,53,replacement,2,11,4
925,2023-03-06T18:03:15,26,9,1,67,cycle,3,11,5
926,2023-03-06T18:03:16,35,12,2,46,cycle,4,4,4
927,2023-03-06T18:03:49,47,16,2,43,cycle,4,1,4
928,2023-03-07T09:03:14,2,1,1,44,cycle,3,2,4
929,2023-03-07T11:01:07,15,5,1,58,replacement,5,2,5
930,2023-03-07T11:01:08,19,7,2,25,replacement,2,11,2
931,2023-03-07T16:01:07,26,9,1,23,replacement,3,9,2
932,2023-03-07T16:01:08,22,8,1,6,replacement,1,6,1
933,2023-03-07T16:01:08,28,10,1,20,replacement,1,6,2
934,2023-03-07T16:03:14,23,8,1,36,cycle,3,8,3
935,2023-03-07T16:03:14,24,8,1,21,cycle,5,7,2
936,2023-03-07T16:03:15,30,10,1,52,cycle,5,10,4
937,2023-03-08T06:34:08,15,5,2,19,cycle,6,5,2
938,2023-03-08T09:03:23,23,8,1,36,cycle,3,8,3
939,2023-03-08T10:02:39,15,5,1,4,replacement,5,4,1
940,2023-03-08T18:09:03,28,10,1,62,cycle,1,6,5
941,2023-03-09T09:01:08,31,11,2,53,replacement,2,11,4
942,2023-03-09T17:01:08,28,10,2,81,replacement,2,11,6
943,2023-03-10T11:06:27,28,10,2,25,cycle,2,11,2
944,2023-03-10T15:01:08,28,10,2,25,replacement,2,11,2
945,2023-03-10T18:03:14,41,14,2,81,cycle,4,11,6
946,2023-03-10T19:01:08,26,9,1,65,replacement,3,9,5
947,2023-03-13T12:03:14,46,16,2,76,cycle,2,6,6
948,2023-03-14T17:01:07,31,11,2,53,replacement,2,11,4
949,2023-03-14T19:01:08,23,8,1,36,replacement,3,8,3
950,2023-03-20T12:01:07,10,4,1,66,replacement,1,10,5
951,2023-03-20T12:03:13,30,10,2,58,cycle,6,2,5
953,2023-03-20T12:03:14,13,5,1,39,cycle,2,8,5
952,2023-03-20T12:03:14,22,8,2,64,cycle,1,11,3
954,2023-03-20T12:03:26,31,11,1,71,cycle,1,1,6
955,2023-03-27T15:01:07,41,14,2,81,replacement,4,11,6
956,2023-03-27T15:03:12,47,16,1,53,cycle,3,11,4
957,2023-03-27T15:03:13,48,16,2,63,cycle,6,7,5
958,2023-03-27T16:01:07,15,5,2,54,replacement,6,12,4
959,2023-03-27T16:03:13,36,12,1,43,cycle,5,1,4
960,2023-03-27T17:03:14,17,6,1,17,cycle,3,3,2
961,2023-03-27T17:03:14,23,8,1,33,cycle,3,5,3
962,2023-03-27T19:03:13,27,9,2,39,cycle,6,11,3
963,2023-03-27T20:03:13,31,11,2,49,cycle,2,7,4
964,2023-03-28T16:03:13,39,13,1,40,cycle,5,12,3
965,2023-03-28T16:03:13,14,5,1,57,cycle,3,1,5
969,2023-03-28T18:03:13,38,13,2,30,cycle,4,3,6
970,2023-03-28T18:03:13,28,10,2,32,cycle,6,10,3
966,2023-03-28T18:03:13,20,7,2,73,cycle,4,11,2
967,2023-03-28T18:03:13,33,11,2,38,cycle,4,2,3
968,2023-03-28T18:03:13,26,9,2,25,cycle,2,4,3
971,2023-03-28T18:03:14,18,6,2,26,cycle,6,12,2
972,2023-03-28T19:01:07,36,12,2,11,replacement,6,11,1
973,2023-03-28T19:03:13,30,10,1,50,cycle,5,8,4
974,2023-03-28T19:03:13,7,3,2,54,cycle,2,12,4
975,2023-03-28T20:03:13,31,11,2,82,cycle,2,12,6
976,2023-03-28T20:03:13,29,10,2,45,cycle,4,3,4
977,2023-03-28T20:03:14,5,2,1,77,cycle,3,7,6
978,2023-03-28T21:03:14,28,10,2,74,cycle,2,4,6
979,2023-03-28T21:03:23,6,2,1,76,cycle,5,6,6
980,2023-03-28T23:01:07,28,10,2,8,replacement,2,8,1
981,2023-03-28T23:03:12,15,5,1,25,cycle,5,11,2
992,2023-03-28T23:03:13,5,2,1,30,cycle,5,5,1
991,2023-03-28T23:03:13,35,12,2,36,cycle,4,9,6
994,2023-03-28T23:03:13,21,7,1,38,cycle,2,7,6
990,2023-03-28T23:03:13,39,13,1,36,cycle,5,3,1
995,2023-03-28T23:03:13,15,5,2,73,cycle,1,3,2
989,2023-03-28T23:03:13,4,2,2,29,cycle,2,2,4
993,2023-03-28T23:03:13,26,9,1,26,cycle,3,4,5
987,2023-03-28T23:03:13,40,14,2,44,cycle,2,1,3
986,2023-03-28T23:03:13,7,3,1,17,cycle,5,8,3
985,2023-03-28T23:03:13,15,5,1,3,cycle,4,8,3
984,2023-03-28T23:03:13,1,1,2,77,cycle,3,2,3
988,2023-03-28T23:03:13,32,11,1,60,cycle,3,12,2
983,2023-03-28T23:03:13,14,5,2,79,cycle,5,10,3
982,2023-03-28T23:03:13,12,4,1,5,cycle,6,3,6
996,2023-03-28T23:03:14,48,16,1,21,cycle,5,7,2
997,2023-03-28T23:03:14,32,11,2,39,cycle,4,11,3
998,2023-03-28T23:03:14,4,2,2,76,cycle,2,6,6
999,2023-03-28T23:03:14,39,13,2,1,cycle,6,1,1
1000,2023-03-28T23:03:22,31,11,2,58,cycle,2,2,5
1001,2023-03-28T23:03:23,31,11,2,3,cycle,2,3,1
1002,2023-03-28T23:04:27,28,10,2,66,cycle,2,10,5
1006,2023-03-29T00:01:07,5,2,2,2,replacement,3,4,1
1005,2023-03-29T00:01:07,28,10,2,3,replacement,4,10,5
1003,2023-03-29T00:01:07,11,4,1,4,replacement,2,3,1
1004,2023-03-29T00:01:07,38,13,2,66,replacement,4,2,1
1021,2023-03-29T00:03:13,6,2,1,62,cycle,1,10,2
1030,2023-03-29T00:03:13,35,12,1,38,cycle,4,8,6
1029,2023-03-29T00:03:13,17,6,1,31,cycle,3,5,5
1028,2023-03-29T00:03:13,2,1,1,81,cycle,4,5,2
1027,2023-03-29T00:03:13,15,5,1,43,cycle,1,8,3
1031,2023-03-29T00:03:13,41,14,1,5,cycle,1,12,6
1026,2023-03-29T00:03:13,19,7,1,50,cycle,4,10,2
1025,2023-03-29T00:03:13,15,5,1,1,cycle,6,3,5
1024,2023-03-29T00:03:13,40,14,1,81,cycle,5,3,4
1023,2023-03-29T00:03:13,10,4,2,21,cycle,1,11,3
1022,2023-03-29T00:03:13,1,1,2,73,cycle,2,4,4
1020,2023-03-29T00:03:13,44,15,2,78,cycle,1,3,1
1011,2023-03-29T00:03:13,13,5,1,36,cycle,3,10,5
1018,2023-03-29T00:03:13,37,13,1,3,cycle,4,8,6
1017,2023-03-29T00:03:13,7,3,2,46,cycle,5,6,5
1016,2023-03-29T00:03:13,22,8,1,39,cycle,2,3,6
1015,2023-03-29T00:03:13,3,1,1,45,cycle,2,7,2
1014,2023-03-29T00:03:13,30,10,2,59,cycle,1,11,6
1013,2023-03-29T00:03:13,23,8,2,24,cycle,5,1,1
1012,2023-03-29T00:03:13,25,9,1,82,cycle,1,8,4
1010,2023-03-29T00:03:13,29,10,2,19,cycle,5,1,4
1009,2023-03-29T00:03:13,47,16,1,61,cycle,3,11,6
1008,2023-03-29T00:03:13,26,9,2,78,cycle,3,3,3
1007,2023-03-29T00:03:13,1,1,1,24,cycle,3,10,3
1032,2023-03-29T00:03:13,36,12,1,7,cycle,3,5,1
1019,2023-03-29T00:03:13,32,11,1,66,cycle,5,7,1
1048,2023-03-29T00:03:14,35,12,1,30,cycle,4,6,6
1047,2023-03-29T00:03:14,2,1,2,3,cycle,6,4,6
1049,2023-03-29T00:03:14,14,5,1,46,cycle,1,2,5
1050,2023-03-29T00:03:14,40,14,1,47,cycle,1,1,1
1041,2023-03-29T00:03:14,15,5,1,45,cycle,1,1,5
1052,2023-03-29T00:03:14,43,15,1,29,cycle,1,10,6
1053,2023-03-29T00:03:14,16,6,2,24,cycle,4,11,1
1054,2023-03-29T00:03:14,41,14,1,7,cycle,1,6,1
1055,2023-03-29T00:03:14,48,16,1,33,cycle,5,3,4
1046,2023-03-29T00:03:14,12,4,2,76,cycle,5,3,6
1051,2023-03-29T00:03:14,22,8,1,35,cycle,5,1,3
1045,2023-03-29T00:03:14,36,12,2,44,cycle,3,2,2
1040,2023-03-29T00:03:14,37,13,1,6,cycle,6,2,4
1043,2023-03-29T00:03:14,9,3,1,29,cycle,6,6,6
1042,2023-03-29T00:03:14,15,5,1,73,cycle,4,3,1
1044,2023-03-29T00:03:14,32,11,1,16,cycle,3,2,3
1039,2023-03-29T00:03:14,17,6,2,11,cycle,3,4,4
1038,2023-03-29T00:03:14,16,6,1,80,cycle,1,5,4
1037,2023-03-29T00:03:14,4,2,1,57,cycle,1,7,3
1036,2023-03-29T00:03:14,4,2,1,1,cycle,1,1,3
1035,2023-03-29T00:03:14,22,8,1,58,cycle,2,10,2
1034,2023-03-29T00:03:14,12,4,2,74,cycle,3,7,1
1033,2023-03-29T00:03:14,23,8,2,76,cycle,5,5,3
1067,2023-03-29T00:03:15,41,14,2,76,cycle,1,12,3
1066,2023-03-29T00:03:15,48,16,1,8,cycle,6,5,2
1065,2023-03-29T00:03:15,37,13,2,26,cycle,1,8,3
1064,2023-03-29T00:03:15,40,14,2,64,cycle,3,5,2
1063,2023-03-29T00:03:15,34,12,1,4,cycle,2,7,6
1062,2023-03-29T00:03:15,9,3,2,73,cycle,4,4,2
1057,2023-03-29T00:03:15,36,12,2,19,cycle,6,3,6
1060,2023-03-29T00:03:15,22,8,2,77,cycle,1,4,1
1059,2023-03-29T00:03:15,14,5,1,19,cycle,2,8,5
1058,2023-03-29T00:03:15,37,13,1,36,cycle,2,12,2
1056,2023-03-29T00:03:15,34,12,1,40,cycle,5,8,1
1061,2023-03-29T00:03:15,32,11,2,18,cycle,4,6,6
1072,2023-03-29T00:03:16,34,12,2,12,cycle,2,10,5
1071,2023-03-29T00:03:16,9,3,2,4,cycle,2,2,5
1068,2023-03-29T00:03:16,34,12,2,66,cycle,6,13,2
1069,2023-03-29T00:03:16,37,13,2,58,cycle,6,4,1
1070,2023-03-29T00:03:16,48,16,2,27,cycle,2,12,1
1073,2023-03-29T00:03:17,34,12,2,2,cycle,2,2,1
1074,2023-03-29T00:03:17,48,16,2,18,cycle,6,4,2
1075,2023-03-29T00:03:18,34,12,2,18,cycle,2,4,2
1076,2023-03-29T00:03:29,28,10,1,75,cycle,1,5,6
1077,2023-03-29T00:03:29,28,10,2,34,cycle,2,6,3
1078,2023-03-29T00:03:31,11,4,1,63,cycle,3,7,5
1079,2023-03-29T00:03:32,38,13,2,49,cycle,4,7,4
1081,2023-03-29T00:03:36,5,2,2,38,cycle,3,4,1
1080,2023-03-29T00:03:36,5,2,1,4,cycle,4,10,3
1082,2023-03-29T00:03:37,5,2,2,34,cycle,4,6,3
1083,2023-03-29T01:01:08,9,3,1,18,replacement,5,4,2
1084,2023-03-29T01:01:08,33,11,2,4,replacement,6,4,1
1085,2023-03-29T01:03:13,40,14,1,33,cycle,1,5,3
1093,2023-03-29T01:03:14,6,2,1,65,cycle,6,12,2
1097,2023-03-29T01:03:14,26,9,1,50,cycle,3,2,2
1096,2023-03-29T01:03:14,2,1,2,79,cycle,2,12,5
1095,2023-03-29T01:03:14,2,1,2,37,cycle,5,12,1
1094,2023-03-29T01:03:14,18,6,1,3,cycle,1,9,3
1092,2023-03-29T01:03:14,37,13,1,57,cycle,3,9,5
1087,2023-03-29T01:03:14,38,13,1,16,cycle,1,1,5
1090,2023-03-29T01:03:14,13,5,1,37,cycle,5,9,5
1089,2023-03-29T01:03:14,30,10,1,12,cycle,5,3,1
1088,2023-03-29T01:03:14,7,3,2,68,cycle,4,9,3
1091,2023-03-29T01:03:14,14,5,1,65,cycle,4,9,6
1086,2023-03-29T01:03:14,39,13,2,26,cycle,3,8,4
1098,2023-03-29T02:01:07,42,14,2,6,replacement,6,6,1
1099,2023-03-29T02:03:13,11,4,1,64,cycle,3,8,5
1100,2023-03-29T02:03:13,20,7,2,59,cycle,4,3,5
1101,2023-03-29T02:03:14,8,3,1,75,cycle,3,5,6
1102,2023-03-29T02:03:14,41,14,2,12,cycle,4,12,1
1103,2023-03-29T02:03:14,25,9,2,5,cycle,2,5,1
1104,2023-03-29T02:03:14,4,2,2,77,cycle,2,7,6
1105,2023-03-29T02:03:14,45,15,2,15,cycle,6,1,2
1106,2023-03-29T02:03:14,22,8,1,22,cycle,1,8,2
1107,2023-03-29T02:03:14,35,12,1,32,cycle,3,4,3
1108,2023-03-29T02:03:14,6,2,1,50,cycle,5,8,4
1110,2023-03-29T02:03:15,22,8,2,1,cycle,4,4,1
1109,2023-03-29T02:03:15,41,14,2,4,cycle,2,1,1
1111,2023-03-29T02:03:24,15,5,2,78,cycle,6,8,6
1112,2023-03-29T02:04:12,28,10,2,1,cycle,2,1,1
1113,2023-03-29T03:03:13,11,4,1,31,cycle,3,3,3
1114,2023-03-29T03:03:13,42,14,1,1,cycle,5,1,1
1119,2023-03-29T03:03:14,42,14,2,3,cycle,3,3,6
1115,2023-03-29T03:03:14,23,8,1,73,cycle,5,9,3
1116,2023-03-29T03:03:14,21,7,1,37,cycle,4,3,6
1117,2023-03-29T03:03:14,35,12,2,73,cycle,5,5,5
1118,2023-03-29T03:03:14,39,13,1,61,cycle,6,3,1
1120,2023-03-29T03:03:14,47,16,2,23,cycle,4,9,2
1121,2023-03-29T03:03:14,4,2,1,74,cycle,1,4,6
1122,2023-03-29T03:03:15,23,8,2,21,cycle,4,7,2
1123,2023-03-29T03:03:15,25,9,2,18,cycle,2,4,2
1124,2023-03-29T04:03:13,24,8,1,31,cycle,5,3,3
1125,2023-03-29T04:03:13,2,1,1,68,cycle,3,12,5
1127,2023-03-29T04:03:14,35,12,2,32,cycle,6,9,6
1126,2023-03-29T04:03:14,30,10,2,79,cycle,4,4,3
1129,2023-03-29T05:03:14,2,1,2,58,cycle,4,6,3
1130,2023-03-29T05:03:14,44,15,2,71,cycle,4,2,5
1128,2023-03-29T05:03:14,20,7,2,34,cycle,4,1,6
1131,2023-03-29T06:01:07,11,4,1,7,replacement,3,7,1
1132,2023-03-29T06:03:14,33,11,2,5,cycle,6,5,1
1133,2023-03-29T06:03:14,18,6,1,51,cycle,5,9,4
1134,2023-03-29T06:03:14,1,1,2,12,cycle,2,12,1
1135,2023-03-29T06:03:32,5,2,1,82,cycle,3,12,6
1136,2023-03-29T06:04:25,28,10,2,58,cycle,2,2,5
1137,2023-03-29T07:01:08,41,14,2,9,replacement,4,9,1
1138,2023-03-29T07:01:08,48,16,2,3,replacement,6,3,1
1142,2023-03-29T07:03:13,31,11,1,62,cycle,3,1,6
1141,2023-03-29T07:03:13,43,15,1,48,cycle,5,5,6
1139,2023-03-29T07:03:13,11,4,1,71,cycle,1,6,4
1140,2023-03-29T07:03:13,36,12,1,75,cycle,1,6,5
1143,2023-03-29T07:03:14,10,4,2,50,cycle,2,8,4
1144,2023-03-29T07:03:14,32,11,1,82,cycle,3,12,6
1145,2023-03-29T07:03:15,44,15,1,80,cycle,3,10,6
1146,2023-03-29T07:03:27,48,16,1,82,cycle,5,12,6
1147,2023-03-29T07:03:28,28,10,2,23,cycle,2,9,2
1152,2023-03-29T08:03:14,34,12,2,10,cycle,3,4,5
1150,2023-03-29T08:03:14,29,10,2,47,cycle,2,9,3
1151,2023-03-29T08:03:14,38,13,2,53,cycle,4,5,4
1148,2023-03-29T08:03:14,8,3,1,60,cycle,4,11,4
1149,2023-03-29T08:03:14,1,1,2,37,cycle,2,10,1
1153,2023-03-29T08:03:15,13,5,2,25,cycle,2,11,2
1154,2023-03-29T08:03:15,34,12,2,26,cycle,2,12,2
1155,2023-04-04T11:01:08,47,16,2,29,replacement,4,1,3
1156,2023-04-08T06:03:19,3,1,2,15,cycle,6,1,2
1157,2023-04-08T06:03:19,3,1,2,29,cycle,6,1,3
1158,2023-04-08T06:03:21,3,1,2,24,cycle,6,10,2
1159,2023-04-08T06:03:21,3,1,2,38,cycle,6,10,3
1161,2023-04-08T06:03:23,3,1,2,39,cycle,6,11,2
1160,2023-04-08T06:03:23,3,1,2,25,cycle,6,11,3
1162,2023-04-08T06:03:26,3,1,2,26,cycle,6,12,2
1163,2023-04-08T06:03:26,3,1,2,40,cycle,6,12,3
1164,2023-04-08T06:03:28,3,1,2,16,cycle,6,2,2
1165,2023-04-08T06:03:28,3,1,2,30,cycle,6,2,3
1166,2023-04-08T06:03:30,3,1,2,17,cycle,6,3,2
1167,2023-04-08T06:03:30,3,1,2,31,cycle,6,3,3
1168,2023-04-08T06:03:32,3,1,2,18,cycle,6,4,2
1169,2023-04-08T06:03:32,3,1,2,32,cycle,6,4,3
1171,2023-04-08T06:03:35,3,1,2,33,cycle,6,5,2
1170,2023-04-08T06:03:35,3,1,2,19,cycle,6,5,3
1173,2023-04-08T06:03:37,3,1,2,34,cycle,6,6,2
1172,2023-04-08T06:03:37,3,1,2,20,cycle,6,6,3
1174,2023-04-08T06:03:39,3,1,2,21,cycle,6,7,2
1175,2023-04-08T06:03:39,3,1,2,35,cycle,6,7,3
1176,2023-04-08T06:03:42,3,1,2,22,cycle,6,8,2
1177,2023-04-08T06:03:42,3,1,2,36,cycle,6,8,3
1178,2023-04-08T06:03:44,3,1,2,23,cycle,6,9,2
1179,2023-04-08T06:03:44,3,1,2,37,cycle,6,9,3
1180,2023-04-10T14:03:12,13,5,2,51,cycle,2,9,4
1181,2023-04-10T14:03:14,4,2,1,79,cycle,1,9,6
1182,2023-04-10T14:03:14,4,2,2,62,cycle,2,6,5
1184,2023-04-10T15:01:07,12,4,2,76,replacement,3,5,1
1183,2023-04-10T15:01:07,14,5,1,5,replacement,6,6,6
1201,2023-04-10T15:03:13,23,8,1,31,cycle,6,4,4
1200,2023-04-10T15:03:13,5,2,2,35,cycle,2,2,6
1199,2023-04-10T15:03:13,32,11,1,36,cycle,1,8,5
1198,2023-04-10T15:03:13,21,7,1,9,cycle,5,12,4
1197,2023-04-10T15:03:13,24,8,1,79,cycle,2,6,1
1196,2023-04-10T15:03:13,16,6,2,76,cycle,4,2,4
1195,2023-04-10T15:03:13,45,15,1,3,cycle,6,11,6
1194,2023-04-10T15:03:13,17,6,1,37,cycle,3,9,4
1193,2023-04-10T15:03:13,10,4,2,82,cycle,2,12,6
1192,2023-04-10T15:03:13,41,14,1,51,cycle,3,9,3
1191,2023-04-10T15:03:13,9,3,2,81,cycle,5,3,1
1190,2023-04-10T15:03:13,29,10,2,44,cycle,2,6,6
1189,2023-04-10T15:03:13,22,8,2,6,cycle,5,9,6
1188,2023-04-10T15:03:13,39,13,1,54,cycle,5,9,1
1187,2023-04-10T15:03:13,31,11,1,64,cycle,3,8,3
1186,2023-04-10T15:03:13,37,13,2,72,cycle,4,7,3
1185,2023-04-10T15:03:13,18,6,2,46,cycle,3,3,3
1211,2023-04-10T15:03:14,31,11,2,23,cycle,4,2,6
1210,2023-04-10T15:03:14,9,3,2,75,cycle,6,7,6
1209,2023-04-10T15:03:14,3,1,1,77,cycle,5,6,4
1208,2023-04-10T15:03:14,32,11,2,8,cycle,4,5,1
1207,2023-04-10T15:03:14,24,8,2,33,cycle,2,2,3
1203,2023-04-10T15:03:14,27,9,2,77,cycle,6,5,3
1205,2023-04-10T15:03:14,47,16,2,5,cycle,4,8,1
1204,2023-04-10T15:03:14,42,14,1,48,cycle,5,7,6
1212,2023-04-10T15:03:14,40,14,1,36,cycle,6,5,6
1202,2023-04-10T15:03:14,2,1,2,72,cycle,2,9,2
1206,2023-04-10T15:03:14,10,4,2,30,cycle,1,8,3
1213,2023-04-10T15:03:14,20,7,1,39,cycle,3,11,3
1214,2023-04-10T15:03:17,19,7,2,74,cycle,2,4,6
1215,2023-04-10T15:03:31,14,5,2,73,cycle,4,3,6
1216,2023-04-10T16:01:08,40,14,1,25,replacement,1,11,2
1217,2023-04-10T16:03:14,17,6,1,39,cycle,3,11,3
1218,2023-04-10T16:03:14,24,8,1,32,cycle,5,4,3
1219,2023-04-10T16:03:14,18,6,2,7,cycle,6,7,1
1220,2023-04-10T16:03:14,5,2,2,64,cycle,4,8,5
1221,2023-04-10T16:03:14,15,5,1,49,cycle,5,7,4
1222,2023-04-10T16:03:14,1,1,1,62,cycle,1,6,5
1223,2023-04-10T16:03:14,7,3,2,37,cycle,2,9,3
1224,2023-04-10T16:03:14,29,10,2,10,cycle,4,10,1
1225,2023-04-10T16:03:14,2,1,2,38,cycle,4,10,3
1226,2023-04-10T16:03:14,38,13,2,39,cycle,4,11,3
1227,2023-04-10T16:03:14,6,2,2,75,cycle,6,5,6
1228,2023-04-10T16:03:15,23,8,2,52,cycle,4,10,4
1229,2023-04-10T16:03:15,3,1,1,18,cycle,5,4,2
1230,2023-04-10T16:03:15,44,15,1,78,cycle,3,8,6
1235,2023-04-10T16:03:16,43,15,2,35,cycle,2,10,3
1234,2023-04-10T16:03:16,43,15,2,21,cycle,2,1,2
1236,2023-04-10T16:03:16,10,4,1,80,cycle,4,12,3
1232,2023-04-10T16:03:16,1,1,2,15,cycle,2,7,2
1231,2023-04-10T16:03:16,19,7,2,38,cycle,2,7,3
1233,2023-04-10T16:03:16,20,7,2,40,cycle,1,10,6
1237,2023-04-10T18:03:15,44,15,1,58,cycle,3,2,5
1238,2023-04-10T19:03:14,8,3,2,50,cycle,4,8,4
1239,2023-04-11T01:03:14,9,3,2,80,cycle,6,10,6
1240,2023-04-11T05:03:14,37,13,1,80,cycle,1,10,6
1241,2023-04-11T07:03:15,43,15,2,68,cycle,2,12,5
1242,2023-04-11T09:03:13,8,3,1,2,cycle,3,2,1
1244,2023-04-11T09:03:14,16,6,1,3,cycle,3,5,1
1245,2023-04-11T09:03:14,22,8,1,50,cycle,1,3,1
1243,2023-04-11T09:03:14,5,2,1,5,cycle,1,8,4
1246,2023-04-11T11:03:13,42,14,1,46,cycle,5,4,4
1247,2023-04-11T12:01:07,19,7,2,74,replacement,2,4,6
1248,2023-04-11T13:03:14,16,6,2,65,cycle,2,9,5
1249,2023-04-11T15:03:14,1,1,1,59,cycle,1,3,5
1250,2023-04-11T16:01:10,12,4,2,74,replacement,6,4,6
1251,2023-04-11T16:03:14,10,4,1,21,cycle,1,7,2
1252,2023-04-13T19:01:08,9,3,2,61,replacement,6,5,5
1253,2023-04-13T20:03:30,9,3,2,41,cycle,6,13,3
1254,2023-04-14T14:03:15,14,5,1,41,cycle,3,13,3
1255,2023-04-19T13:01:07,48,16,2,63,replacement,6,7,5
1256,2023-04-19T13:01:08,9,3,2,73,replacement,6,3,6
1258,2023-04-19T13:03:13,11,4,2,58,cycle,4,9,5
1257,2023-04-19T13:03:13,29,10,2,65,cycle,4,2,5
1259,2023-04-19T16:01:08,32,11,2,61,replacement,4,5,5
1260,2023-04-19T16:03:14,8,3,2,34,cycle,4,6,3
1261,2023-04-19T16:03:17,47,16,2,73,cycle,4,3,6
1262,2023-04-19T17:01:06,11,4,2,58,replacement,4,2,5
1263,2023-04-19T18:01:06,29,10,2,65,replacement,4,9,5
1264,2023-04-19T21:01:07,9,3,2,80,replacement,6,10,6
1265,2023-04-19T21:01:07,47,16,2,73,replacement,4,3,6
1266,2023-04-19T21:01:07,28,10,2,72,replacement,2,2,6
1267,2023-04-20T01:03:13,28,10,2,17,cycle,2,3,2
1268,2023-04-20T04:03:13,17,6,2,57,cycle,4,1,5
1269,2023-04-20T06:01:06,9,3,2,81,replacement,6,11,6
1270,2023-04-20T09:01:07,33,11,2,44,replacement,6,2,4
1271,2023-04-20T09:03:30,33,11,2,75,cycle,6,5,6
1272,2023-04-20T10:01:06,30,10,2,30,replacement,6,2,3
1273,2023-04-20T10:01:06,25,9,2,63,replacement,2,7,5
1274,2023-04-20T12:03:13,4,2,2,25,cycle,2,11,2
1275,2023-04-20T13:01:07,33,11,2,75,replacement,6,5,6
1276,2023-04-21T13:01:08,44,15,1,75,replacement,3,5,6
1277,2023-04-21T22:03:13,26,9,1,44,cycle,3,2,4
1278,2023-04-21T23:03:12,4,2,2,38,cycle,2,10,3
1279,2023-04-22T03:03:12,27,9,1,35,cycle,5,7,3
1280,2023-04-22T04:01:07,27,9,1,60,replacement,5,4,5
1281,2023-04-22T16:03:12,8,3,2,80,cycle,4,10,6
1282,2023-04-23T16:01:07,9,3,2,22,replacement,6,8,2
1283,2023-04-23T17:01:07,26,9,2,40,replacement,4,12,3
1284,2023-04-23T19:03:13,21,7,1,33,cycle,5,5,3
1285,2023-04-23T21:03:13,17,6,2,21,cycle,4,7,2
1286,2023-04-24T00:03:12,26,9,1,65,cycle,3,9,5
1287,2023-04-24T04:01:07,26,9,1,65,replacement,3,9,5
1288,2023-04-24T04:03:12,24,8,2,18,cycle,6,4,2
1289,2023-04-24T13:01:07,4,2,2,38,replacement,2,10,3
1290,2023-04-25T18:03:13,36,12,1,30,cycle,5,2,3
1291,2023-04-25T18:03:13,17,6,1,76,cycle,3,6,6
1292,2023-04-26T00:01:07,4,2,2,25,replacement,2,11,2
1293,2023-04-26T03:01:06,10,4,1,66,replacement,1,10,5
1294,2023-04-26T06:03:12,22,8,1,23,cycle,1,9,2
1295,2023-04-26T07:03:13,26,9,1,78,cycle,3,8,6
1296,2023-04-26T09:03:15,12,4,2,16,cycle,6,2,2
1297,2023-04-29T04:03:14,5,2,2,54,cycle,4,12,4
1298,2023-05-04T17:03:15,20,7,2,12,cycle,4,12,1
1299,2023-05-09T14:03:14,44,15,1,53,cycle,3,11,4
1300,2023-05-10T11:01:09,4,2,1,57,replacement,1,1,5
1301,2023-05-12T17:01:07,1,1,1,39,replacement,1,11,3
1302,2023-05-17T17:01:08,23,8,2,59,replacement,4,3,5
1303,2023-05-19T00:01:09,20,7,2,12,replacement,4,12,1
1304,2023-05-19T03:01:08,17,6,2,57,replacement,4,1,5
1305,2023-05-26T08:03:16,31,11,1,52,cycle,1,10,4
1306,2023-05-31T15:01:09,36,12,1,25,replacement,5,11,2
1307,2023-06-09T14:01:08,15,5,2,66,replacement,6,10,5
1308,2023-06-09T14:01:08,24,8,2,58,replacement,6,2,5
1309,2023-06-09T15:01:08,8,3,1,18,replacement,3,4,2
1310,2023-06-09T18:03:14,13,5,1,53,cycle,1,11,4
1311,2023-06-11T12:03:15,39,13,1,31,cycle,5,3,3
1312,2023-06-13T16:01:08,13,5,1,53,replacement,1,11,4
1313,2023-06-13T21:03:14,28,10,2,17,cycle,2,3,2
1314,2023-06-14T01:01:07,11,4,2,79,replacement,4,9,6
1315,2023-06-14T01:03:13,6,2,1,24,cycle,5,10,2
1316,2023-06-21T12:03:14,1,1,1,36,cycle,1,8,3
1317,2023-06-21T13:03:13,15,5,1,33,cycle,5,5,3
1318,2023-06-21T13:03:13,27,9,1,35,cycle,5,7,3
1319,2023-06-21T15:01:08,1,1,2,20,replacement,2,6,2
1320,2023-06-22T13:01:08,15,5,2,66,replacement,6,10,5
1321,2023-06-22T13:03:14,8,3,2,34,cycle,4,6,3
1322,2023-06-22T14:01:08,10,4,1,66,replacement,1,10,5
1323,2023-06-22T14:03:14,38,13,2,66,cycle,4,10,5
1324,2023-06-22T14:03:14,11,4,2,58,cycle,4,2,5
1325,2023-06-22T15:01:08,9,3,2,81,replacement,6,11,6
1326,2023-06-22T15:03:14,10,4,1,39,cycle,1,11,3
1327,2023-06-22T16:01:07,9,3,2,80,replacement,6,10,6
1328,2023-06-22T16:01:08,48,16,2,63,replacement,6,7,5
1329,2023-06-22T16:03:14,22,8,2,74,cycle,2,4,6
1330,2023-06-22T16:03:14,28,10,2,72,cycle,2,2,6
1331,2023-06-22T17:01:08,11,4,2,58,replacement,4,2,5
1332,2023-06-22T18:01:08,38,13,2,66,replacement,4,10,5
1333,2023-06-22T19:03:14,29,10,1,60,cycle,3,4,5
1334,2023-06-22T20:01:08,35,12,1,72,replacement,3,2,6
1335,2023-06-22T20:03:14,16,6,1,21,cycle,1,7,2
1336,2023-06-23T01:01:07,11,4,2,79,replacement,4,9,6
1337,2023-06-23T03:03:14,4,2,1,58,cycle,1,2,5
1338,2023-06-23T05:03:14,25,9,1,15,cycle,1,1,2
1339,2023-06-23T06:03:13,29,10,2,65,cycle,4,9,5
1340,2023-06-23T11:01:08,7,3,1,19,replacement,1,5,2
1341,2023-06-23T18:01:08,26,9,2,20,replacement,4,6,2
1342,2023-06-23T19:01:08,26,9,1,65,replacement,3,9,5
1343,2023-06-23T19:03:14,24,8,2,18,cycle,6,4,2
1344,2023-06-23T19:03:43,26,9,2,73,cycle,4,3,6
1345,2023-06-23T22:01:08,10,4,1,77,replacement,1,7,6
1346,2023-06-24T04:03:13,10,4,2,37,cycle,2,9,3
1347,2023-06-24T06:03:13,26,9,2,40,cycle,4,12,3
1348,2023-06-24T14:03:13,4,2,2,38,cycle,2,10,3
1349,2023-06-24T15:03:13,18,6,2,43,cycle,6,1,4
1350,2023-06-24T17:01:08,8,3,1,18,replacement,3,4,2
1351,2023-06-24T19:01:08,26,9,2,40,replacement,4,12,3
1352,2023-06-24T19:03:13,36,12,2,23,cycle,6,9,2
1353,2023-06-25T02:01:09,26,9,2,73,replacement,4,3,6
1354,2023-06-25T06:03:13,9,3,2,73,cycle,6,3,6
1355,2023-06-25T09:01:07,9,3,2,73,replacement,6,3,6
1356,2023-06-25T12:03:13,12,4,2,16,cycle,6,2,2
1357,2023-06-25T14:03:13,32,11,1,16,cycle,3,2,2
1358,2023-06-25T15:01:08,12,4,2,16,replacement,6,2,2
1359,2023-06-25T17:03:13,47,16,2,73,cycle,4,3,6
1360,2023-06-25T18:01:07,25,9,1,15,replacement,1,1,2
1361,2023-06-25T18:01:08,24,8,2,58,replacement,6,2,5
1362,2023-06-25T18:01:08,8,3,2,34,replacement,4,6,3
1363,2023-06-25T19:03:13,4,2,2,25,cycle,2,11,2
1365,2023-06-25T20:01:08,29,10,2,65,replacement,4,5,5
1364,2023-06-25T20:01:08,32,11,2,61,replacement,4,9,5
1366,2023-06-25T21:01:09,28,10,2,72,replacement,2,2,6
1367,2023-06-25T21:01:09,4,2,2,36,replacement,2,8,3
1368,2023-06-25T22:01:08,47,16,2,73,replacement,4,3,6
1369,2023-06-26T00:01:08,9,3,1,65,replacement,5,9,5
1370,2023-06-26T00:01:08,4,2,2,25,replacement,2,11,2
1371,2023-06-26T00:03:13,17,6,2,57,cycle,4,1,5
1372,2023-06-26T01:01:08,20,7,2,12,replacement,4,12,1
1373,2023-06-26T07:01:09,10,4,2,37,replacement,2,9,3
1374,2023-06-26T11:03:13,16,6,1,32,cycle,1,4,3
1375,2023-06-26T13:01:08,28,10,2,17,replacement,2,3,2
1376,2023-06-26T16:03:14,9,3,1,21,cycle,5,7,2
1377,2023-06-27T20:01:07,17,6,2,57,replacement,4,1,5
1378,2023-06-27T23:01:08,4,2,2,38,replacement,2,10,3
1379,2023-06-28T14:01:08,15,5,1,33,replacement,5,5,3
1380,2023-06-29T05:03:16,11,4,1,82,cycle,3,12,6
1381,2023-07-03T14:01:10,19,7,1,26,replacement,1,12,2
1382,2023-07-03T15:03:27,19,7,1,84,cycle,1,14,6
1383,2023-07-09T14:01:09,11,4,2,37,replacement,4,9,3
1384,2023-07-09T15:03:29,11,4,2,69,cycle,4,13,5
1385,2023-07-14T18:03:17,21,7,2,45,cycle,6,3,4
1386,2023-07-14T18:03:19,11,4,2,79,cycle,4,9,6
1387,2023-07-17T07:03:18,23,8,2,59,cycle,4,3,5
1388,2023-07-25T00:03:16,35,12,2,73,cycle,4,3,6